{"type":"FeatureCollection","features":[{"type":"Feature","properties":{"code":"2644056000","gu":"강서구","dong":"녹산동","lat":35.12747,"lon":128.85609,"rep":1,"prio":0},"geometry":{"type":"MultiPolygon","coordinates":[[[[128.8926,35.09396],[128.87717,35.09865],[128.87466,35.09899],[128.86874,35.10163],[128.86619,35.10009],[128.86583,35.09952],[128.86574,35.09803],[128.86636,35.09804],[128.86668,35.09774],[128.87098,35.08867],[128.87105,35.08476],[128.86905,35.08181],[128.87195,35.08048],[128.83452,35.08024],[128.83582,35.08176],[128.83522,35.08227],[128.83416,35.08241],[128.83316,35.08289],[128.83319,35.08476],[128.83293,35.08595],[128.83247,35.08631],[128.83326,35.08738],[128.83298,35.08867],[128.83222,35.08847],[128.82463,35.0946],[128.82288,35.09692],[128.82276,35.09882],[128.82394,35.10177],[128.82481,35.10199],[128.83181,35.10225],[128.83372,35.10141],[128.83459,35.10122],[128.83562,35.1014],[128.83666,35.10199],[128.84059,35.10527],[128.84208,35.10703],[128.8431,35.10913],[128.84321,35.10969],[128.84327,35.11057],[128.84279,35.11338],[128.84138,35.11469],[128.84019,35.11515],[128.83851,35.11505],[128.83756,35.11597],[128.83625,35.11864],[128.83624,35.12269],[128.836,35.12323],[128.83551,35.12381],[128.8344,35.1263],[128.83414,35.12843],[128.83357,35.12919],[128.83298,35.12964],[128.83203,35.12953],[128.83026,35.12828],[128.82729,35.12818],[128.82688,35.12842],[128.82651,35.1289],[128.82646,35.1295],[128.82416,35.13044],[128.82029,35.13182],[128.81805,35.13237],[128.81545,35.13256],[128.80829,35.13788],[128.80695,35.13926],[128.80664,35.14094],[128.80457,35.14184],[128.80233,35.14315],[128.80133,35.14674],[128.79617,35.15255],[128.79362,35.15705],[128.79402,35.15794],[128.79705,35.15871],[128.79737,35.15857],[128.79805,35.15789],[128.80074,35.15796],[128.8018,35.15851],[128.80216,35.15936],[128.80372,35.16007],[128.80596,35.1605],[128.80667,35.15984],[128.80741,35.15941],[128.80863,35.15899],[128.81144,35.15997],[128.81586,35.16038],[128.82247,35.15737],[128.82278,35.15652],[128.82584,35.15578],[128.82801,35.15576],[128.82838,35.15653],[128.82999,35.15716],[128.8302,35.15723],[128.83253,35.1569],[128.83406,35.15735],[128.83506,35.15809],[128.83538,35.15857],[128.83616,35.15907],[128.83744,35.15925],[128.84094,35.15879],[128.8417,35.15839],[128.84336,35.15799],[128.84384,35.15871],[128.84456,35.16016],[128.84441,35.16229],[128.84454,35.16277],[128.84549,35.16431],[128.84666,35.16528],[128.8514,35.16625],[128.86054,35.16741],[128.86369,35.16743],[128.86611,35.16684],[128.86591,35.16121],[128.86549,35.16042],[128.86545,35.15792],[128.87045,35.1521],[128.87479,35.15173],[128.87579,35.15231],[128.87476,35.15357],[128.87391,35.15716],[128.87448,35.1598],[128.87652,35.16041],[128.87792,35.16041],[128.87926,35.16199],[128.87602,35.16565],[128.87591,35.16646],[128.87639,35.1675],[128.87577,35.17051],[128.87473,35.17081],[128.87235,35.17227],[128.87362,35.17436],[128.8802,35.17203],[128.89034,35.16435],[128.89064,35.16399],[128.8906,35.16247],[128.8904,35.1618],[128.89003,35.16107],[128.88795,35.15848],[128.88708,35.15635],[128.88766,35.14799],[128.88815,35.14568],[128.88936,35.14326],[128.8906,35.14113],[128.89458,35.13701],[128.89635,35.13568],[128.89804,35.13495],[128.9016,35.13283],[128.90378,35.13079],[128.90179,35.13061],[128.90053,35.12524],[128.90001,35.12141],[128.90088,35.11823],[128.8926,35.09396]]]]}},{"type":"Feature","properties":{"code":"2671033000","gu":"기장군","dong":"철마면","lat":35.28184,"lon":129.15457,"rep":1,"prio":1},"geometry":{"type":"MultiPolygon","coordinates":[[[[129.18028,35.30521],[129.17959,35.30416],[129.17965,35.30363],[129.18133,35.30191],[129.1827,35.3],[129.18304,35.29919],[129.18215,35.29647],[129.18023,35.29434],[129.17953,35.29151],[129.18187,35.28618],[129.18473,35.28435],[129.1869,35.28326],[129.18769,35.28296],[129.18923,35.28298],[129.19236,35.28154],[129.1942,35.28032],[129.19468,35.27869],[129.19411,35.27397],[129.19347,35.27315],[129.19115,35.27176],[129.19094,35.27144],[129.19109,35.27107],[129.19291,35.26916],[129.19424,35.26892],[129.19526,35.26856],[129.19576,35.26804],[129.19598,35.26758],[129.19519,35.26567],[129.19486,35.26522],[129.19309,35.26462],[129.19211,35.26503],[129.19169,35.26538],[129.18979,35.26397],[129.18862,35.26112],[129.1866,35.25476],[129.18669,35.252],[129.18702,35.25102],[129.18795,35.25026],[129.19006,35.24927],[129.19142,35.24783],[129.19168,35.24737],[129.1936,35.24204],[129.19343,35.24168],[129.1918,35.24024],[129.1905,35.2378],[129.18909,35.23112],[129.18752,35.22902],[129.18485,35.22727],[129.1828,35.22686],[129.17885,35.2235],[129.17498,35.21947],[129.17402,35.21912],[129.17087,35.2186],[129.17028,35.21868],[129.16922,35.21913],[129.16784,35.21931],[129.1661,35.21911],[129.1664,35.22084],[129.16796,35.22376],[129.16887,35.22466],[129.16951,35.22609],[129.16952,35.22675],[129.16927,35.22767],[129.16735,35.22968],[129.16164,35.23394],[129.15795,35.23535],[129.15684,35.2359],[129.15513,35.23701],[129.15521,35.23934],[129.15569,35.24327],[129.15542,35.2442],[129.15496,35.24505],[129.15429,35.24552],[129.14996,35.24761],[129.14926,35.24759],[129.14812,35.24727],[129.14734,35.24874],[129.14684,35.2494],[129.14558,35.25023],[129.14429,35.25073],[129.13924,35.25416],[129.14001,35.25716],[129.14113,35.25943],[129.14093,35.26013],[129.1394,35.26035],[129.13869,35.26016],[129.13774,35.2597],[129.13643,35.25943],[129.13021,35.26005],[129.12904,35.26076],[129.12638,35.26187],[129.12601,35.2619],[129.12246,35.26153],[129.12156,35.26116],[129.12008,35.26031],[129.11938,35.2622],[129.12137,35.26959],[129.12202,35.27083],[129.12439,35.27332],[129.12493,35.27463],[129.12543,35.27672],[129.12514,35.27841],[129.1242,35.27948],[129.12393,35.28041],[129.12569,35.28213],[129.12641,35.283],[129.12745,35.28572],[129.12983,35.29033],[129.13,35.29663],[129.12988,35.29759],[129.12966,35.298],[129.1222,35.3015],[129.12083,35.30193],[129.11602,35.30218],[129.10892,35.30507],[129.11042,35.30597],[129.11098,35.30661],[129.11165,35.30877],[129.11192,35.31157],[129.11194,35.31515],[129.11208,35.31615],[129.11247,35.31783],[129.11331,35.3195],[129.11365,35.31985],[129.11848,35.32246],[129.11933,35.32382],[129.11955,35.32442],[129.1199,35.32654],[129.12048,35.32818],[129.12087,35.32892],[129.12132,35.3294],[129.12287,35.32992],[129.12467,35.33073],[129.12584,35.33192],[129.12623,35.33293],[129.12621,35.33373],[129.12503,35.3363],[129.12593,35.34104],[129.1264,35.34192],[129.12822,35.34304],[129.12834,35.34334],[129.12824,35.3438],[129.12932,35.34397],[129.13226,35.34375],[129.13369,35.34294],[129.13502,35.34317],[129.13776,35.34199],[129.14004,35.34083],[129.14069,35.34034],[129.14163,35.33896],[129.14181,35.33844],[129.14239,35.33787],[129.14625,35.33633],[129.14734,35.33627],[129.14812,35.33668],[129.14898,35.33736],[129.15123,35.33618],[129.152,35.33322],[129.1525,35.33024],[129.15262,35.32597],[129.15204,35.32474],[129.1521,35.32249],[129.1522,35.32222],[129.15326,35.32103],[129.15359,35.32083],[129.15408,35.32076],[129.15472,35.31757],[129.15409,35.31598],[129.15339,35.31358],[129.15339,35.31053],[129.15374,35.30953],[129.15429,35.30899],[129.15521,35.30859],[129.15697,35.30876],[129.16005,35.31035],[129.1622,35.31239],[129.16265,35.31251],[129.16286,35.31245],[129.16368,35.31169],[129.16366,35.31105],[129.16452,35.30781],[129.16482,35.30757],[129.16947,35.30746],[129.17459,35.30449],[129.17511,35.30438],[129.17766,35.30432],[129.18028,35.30521]]]]}},{"type":"Feature","properties":{"code":"2641063500","gu":"금정구","dong":"선두구동","lat":35.2815,"lon":129.1115,"rep":1,"prio":2},"geometry":{"type":"MultiPolygon","coordinates":[[[[129.10892,35.30507],[129.11602,35.30218],[129.12083,35.30193],[129.12143,35.30177],[129.12582,35.29989],[129.12966,35.298],[129.12988,35.29759],[129.13,35.29663],[129.12983,35.29033],[129.12745,35.28572],[129.12641,35.283],[129.12569,35.28213],[129.12393,35.28041],[129.1242,35.27948],[129.12514,35.27841],[129.12543,35.27672],[129.12493,35.27463],[129.12439,35.27332],[129.12202,35.27083],[129.12137,35.26959],[129.11938,35.2622],[129.12008,35.26031],[129.11828,35.25967],[129.11601,35.25913],[129.11054,35.25659],[129.10699,35.25575],[129.10614,35.25607],[129.10532,35.25606],[129.10509,35.25603],[129.10492,35.2555],[129.10353,35.25554],[129.10245,35.2557],[129.10163,35.25618],[129.10066,35.25736],[129.09951,35.25799],[129.0998,35.25916],[129.09974,35.25931],[129.09834,35.26092],[129.09707,35.26141],[129.09539,35.26301],[129.09581,35.26785],[129.09651,35.26941],[129.09729,35.27183],[129.09738,35.27276],[129.09722,35.27318],[129.09561,35.27441],[129.09378,35.27501],[129.09456,35.27663],[129.09638,35.2792],[129.10006,35.2812],[129.10261,35.28336],[129.10368,35.28322],[129.10387,35.28252],[129.10428,35.28255],[129.10491,35.28286],[129.10535,35.2832],[129.10549,35.28355],[129.10523,35.28435],[129.10342,35.28775],[129.10201,35.29098],[129.10189,35.29152],[129.10191,35.29288],[129.10211,35.29346],[129.10277,35.29449],[129.10284,35.29497],[129.10275,35.29516],[129.09959,35.29688],[129.09843,35.29573],[129.09798,35.29612],[129.09772,35.29664],[129.09662,35.30163],[129.097,35.30354],[129.09814,35.30417],[129.10348,35.30614],[129.10621,35.3062],[129.10892,35.30507]]]]}},{"type":"Feature","properties":{"code":"2632053000","gu":"북구","dong":"금곡동","lat":35.26294,"lon":129.0242,"rep":1,"prio":3},"geometry":{"type":"MultiPolygon","coordinates":[[[[129.05057,35.28006],[129.04688,35.27377],[129.04456,35.2708],[129.0435,35.26992],[129.04258,35.26864],[129.0424,35.26792],[129.04234,35.26543],[129.04213,35.26401],[129.0416,35.26333],[129.04001,35.2628],[129.03912,35.26284],[129.03775,35.26212],[129.037,35.26119],[129.0361,35.25972],[129.03598,35.25926],[129.03489,35.25835],[129.02987,35.25556],[129.02808,35.25574],[129.02723,35.25557],[129.02184,35.25122],[129.02156,35.25],[129.01977,35.24764],[129.01711,35.24529],[129.01474,35.24529],[129.01305,35.24452],[129.01396,35.24154],[129.0142,35.23987],[129.01318,35.23992],[129.01319,35.2401],[129.01267,35.24029],[129.00596,35.24238],[129.00256,35.24324],[129.00195,35.24306],[129.00146,35.24212],[129.00551,35.25041],[129.00994,35.259],[129.01112,35.262],[129.01165,35.26389],[129.01287,35.26963],[129.01295,35.27153],[129.01261,35.27328],[129.01281,35.27345],[129.01667,35.27528],[129.01722,35.27543],[129.0187,35.2755],[129.02038,35.27584],[129.02618,35.27807],[129.03009,35.27852],[129.03406,35.27691],[129.03923,35.27589],[129.04211,35.27909],[129.04411,35.28031],[129.04859,35.28039],[129.04991,35.27999],[129.05057,35.28006]]]]}},{"type":"Feature","properties":{"code":"2638056100","gu":"사하구","dong":"하단1동","lat":35.09567,"lon":128.94477,"rep":1,"prio":4},"geometry":{"type":"MultiPolygon","coordinates":[[[[128.93686,35.10988],[128.93939,35.10918],[128.94548,35.10807],[128.95998,35.1062],[128.96831,35.10623],[128.96908,35.10541],[128.96992,35.10486],[128.97355,35.10351],[128.97337,35.10198],[128.97134,35.09773],[128.97085,35.09833],[128.96965,35.09913],[128.96775,35.10009],[128.96619,35.10067],[128.96441,35.10083],[128.96319,35.09986],[128.96038,35.09887],[128.95562,35.09921],[128.95515,35.09514],[128.95488,35.09396],[128.95344,35.08956],[128.95245,35.08766],[128.95118,35.08579],[128.95053,35.08373],[128.95133,35.08016],[128.95103,35.07963],[128.9509,35.07802],[128.93852,35.0781],[128.93298,35.08412],[128.92952,35.08847],[128.92535,35.09341],[128.92678,35.09536],[128.92866,35.09913],[128.93178,35.10666],[128.9329,35.11028],[128.93686,35.10988]]]]}},{"type":"Feature","properties":{"code":"2635061000","gu":"해운대구","dong":"반송1동","lat":35.22072,"lon":129.14367,"rep":1,"prio":5},"geometry":{"type":"MultiPolygon","coordinates":[[[[129.1664,35.22084],[129.1661,35.21911],[129.16621,35.21847],[129.1654,35.21614],[129.16474,35.21494],[129.16203,35.21256],[129.16045,35.21184],[129.15976,35.20969],[129.16009,35.20817],[129.16026,35.20629],[129.15908,35.20474],[129.15618,35.20427],[129.15071,35.20603],[129.14572,35.20864],[129.1447,35.21006],[129.14351,35.21277],[129.14363,35.21365],[129.14349,35.21422],[129.14199,35.21794],[129.14103,35.21854],[129.13775,35.21843],[129.13583,35.21813],[129.13445,35.2181],[129.12998,35.21848],[129.13003,35.2187],[129.12872,35.2186],[129.1231,35.21691],[129.12221,35.21634],[129.12116,35.21536],[129.11908,35.21459],[129.11808,35.21766],[129.11742,35.21926],[129.1173,35.22047],[129.11735,35.22245],[129.11808,35.2239],[129.11896,35.22484],[129.12368,35.22711],[129.12584,35.22694],[129.12718,35.22768],[129.12966,35.2305],[129.13056,35.23126],[129.13013,35.23228],[129.13023,35.23327],[129.1306,35.23384],[129.13099,35.23524],[129.13222,35.23555],[129.13351,35.23642],[129.13446,35.23683],[129.13585,35.23654],[129.13609,35.23717],[129.13627,35.23691],[129.13819,35.23555],[129.13867,35.23496],[129.13933,35.23453],[129.14138,35.23375],[129.14157,35.23355],[129.14158,35.23321],[129.13981,35.23076],[129.13993,35.2301],[129.14174,35.2298],[129.14253,35.22913],[129.14483,35.22901],[129.14935,35.23012],[129.15128,35.22987],[129.15249,35.22736],[129.15333,35.22703],[129.1588,35.22553],[129.16287,35.2238],[129.16453,35.22206],[129.1664,35.22084]]]]}},{"type":"Feature","properties":{"code":"2653058000","gu":"사상구","dong":"삼락동","lat":35.1722,"lon":128.97104,"rep":1,"prio":6},"geometry":{"type":"MultiPolygon","coordinates":[[[[128.98795,35.1959],[128.98755,35.19374],[128.98608,35.19302],[128.98357,35.19051],[128.98154,35.18206],[128.98165,35.18204],[128.98012,35.17554],[128.98027,35.17345],[128.9814,35.17252],[128.98038,35.1686],[128.97856,35.16948],[128.97668,35.16962],[128.97658,35.16808],[128.97604,35.16472],[128.97487,35.16053],[128.97325,35.15961],[128.97217,35.15824],[128.9694,35.15308],[128.96891,35.15001],[128.96752,35.14557],[128.96651,35.14421],[128.96476,35.14415],[128.96246,35.14333],[128.96082,35.14254],[128.95953,35.14924],[128.96242,35.16349],[128.96265,35.1729],[128.96201,35.18198],[128.96552,35.18646],[128.98207,35.1965],[128.98668,35.19603],[128.98819,35.19724],[128.98795,35.1959]]]]}},{"type":"Feature","properties":{"code":"2623055000","gu":"부산진구","dong":"초읍동","lat":35.18567,"lon":129.04067,"rep":1,"prio":7},"geometry":{"type":"MultiPolygon","coordinates":[[[[129.04387,35.19839],[129.0441,35.19794],[129.04769,35.19421],[129.04742,35.19384],[129.04706,35.19292],[129.04697,35.19186],[129.04823,35.18959],[129.05097,35.1858],[129.05204,35.18478],[129.05397,35.18432],[129.05664,35.18446],[129.0612,35.18389],[129.06166,35.18025],[129.06028,35.18],[129.05851,35.17847],[129.0575,35.17722],[129.0575,35.17608],[129.05344,35.17605],[129.05289,35.17691],[129.04841,35.17431],[129.04795,35.17418],[129.04664,35.17344],[129.04479,35.17177],[129.04383,35.17214],[129.04192,35.17318],[129.03952,35.17483],[129.03678,35.17702],[129.03567,35.17874],[129.03583,35.17922],[129.03576,35.17946],[129.0348,35.18044],[129.03373,35.18106],[129.03259,35.18146],[129.03117,35.18128],[129.03078,35.18141],[129.02909,35.18287],[129.02803,35.18317],[129.02724,35.18317],[129.02462,35.18267],[129.0238,35.18304],[129.02256,35.18311],[129.02189,35.18329],[129.02173,35.18356],[129.02114,35.18775],[129.02206,35.18835],[129.02303,35.18935],[129.02464,35.19137],[129.02534,35.1926],[129.0255,35.19341],[129.02611,35.19334],[129.02753,35.19351],[129.03194,35.19527],[129.03311,35.19637],[129.03381,35.19762],[129.03477,35.19817],[129.03555,35.19845],[129.03955,35.1995],[129.04154,35.19911],[129.04387,35.19839]]]]}},{"type":"Feature","properties":{"code":"2629053000","gu":"남구","dong":"대연3동","lat":35.14554,"lon":129.09611,"rep":1,"prio":8},"geometry":{"type":"MultiPolygon","coordinates":[[[[129.096,35.15987],[129.09823,35.15534],[129.10015,35.15255],[129.10164,35.15069],[129.10256,35.1477],[129.10334,35.14576],[129.10341,35.14436],[129.10243,35.14322],[129.10232,35.1428],[129.10369,35.14127],[129.10488,35.14021],[129.10764,35.13817],[129.11134,35.13568],[129.10596,35.12918],[129.10601,35.12783],[129.10627,35.12714],[129.10493,35.12649],[129.10356,35.12658],[129.10214,35.12606],[129.09994,35.12503],[129.09872,35.12491],[129.09985,35.12701],[129.1007,35.12818],[129.0972,35.1301],[129.09815,35.1301],[129.09821,35.13417],[129.09767,35.13492],[129.09715,35.13536],[129.09671,35.13545],[129.09642,35.13577],[129.09789,35.13637],[129.09603,35.14022],[129.09499,35.14203],[129.09112,35.14634],[129.08756,35.14838],[129.08364,35.14905],[129.07987,35.1527],[129.08,35.15334],[129.08226,35.1575],[129.08293,35.15824],[129.08413,35.15881],[129.0877,35.16037],[129.08939,35.16081],[129.09105,35.16035],[129.09277,35.16032],[129.09371,35.16065],[129.09437,35.16114],[129.09482,35.16174],[129.09554,35.16033],[129.096,35.15987]]]]}},{"type":"Feature","properties":{"code":"2620066000","gu":"영도구","dong":"동삼2동","lat":35.06415,"lon":129.0833,"rep":1,"prio":9},"geometry":{"type":"MultiPolygon","coordinates":[[[[129.06861,35.06499],[129.07191,35.06635],[129.0737,35.06685],[129.07626,35.06928],[129.07676,35.07084],[129.0761,35.0738],[129.07543,35.07544],[129.08174,35.07771],[129.08429,35.0742],[129.08492,35.07449],[129.08351,35.07612],[129.08333,35.07952],[129.0886,35.07971],[129.0905,35.08038],[129.09427,35.08069],[129.09495,35.07897],[129.09427,35.07742],[129.09094,35.07421],[129.08656,35.07273],[129.08554,35.07394],[129.07998,35.07138],[129.08015,35.07061],[129.08149,35.0693],[129.08424,35.0682],[129.08677,35.06381],[129.08708,35.0634],[129.0877,35.06294],[129.09221,35.06097],[129.09387,35.06077],[129.0961,35.06006],[129.0965,35.05972],[129.09518,35.05683],[129.09273,35.05218],[129.09239,35.05174],[129.0915,35.05103],[129.08809,35.04956],[129.08643,35.04926],[129.08282,35.05039],[129.08201,35.05102],[129.08139,35.05245],[129.08135,35.05348],[129.08142,35.05388],[129.08163,35.05401],[129.08073,35.05625],[129.0782,35.05939],[129.07726,35.06039],[129.07686,35.06059],[129.07543,35.0608],[129.07393,35.06042],[129.07299,35.05925],[129.07213,35.05871],[129.07084,35.05848],[129.0704,35.05959],[129.06811,35.06216],[129.06752,35.06248],[129.06642,35.06251],[129.06644,35.06423],[129.06861,35.06499]]]]}},{"type":"Feature","properties":{"code":"2614057000","gu":"서구","dong":"서대신4동","lat":35.12747,"lon":129.01043,"rep":1,"prio":10},"geometry":{"type":"MultiPolygon","coordinates":[[[[129.00658,35.13939],[129.01132,35.13819],[129.0128,35.1374],[129.01709,35.13602],[129.01837,35.13605],[129.02081,35.13685],[129.02412,35.13402],[129.02232,35.13184],[129.02128,35.13097],[129.02043,35.1298],[129.01891,35.12644],[129.01775,35.12151],[129.0163,35.11773],[129.01706,35.11621],[129.01669,35.11563],[129.0142,35.11466],[129.01348,35.11589],[129.01264,35.1167],[129.00774,35.11747],[129.00775,35.1164],[129.00734,35.11634],[129.00628,35.1165],[129.00366,35.11778],[129.00015,35.11838],[129.00051,35.1202],[128.99797,35.12255],[128.99844,35.12467],[128.99961,35.12585],[129.0016,35.1265],[129.00225,35.12743],[129.00295,35.13493],[129.00452,35.13951],[129.00658,35.13939]]]]}},{"type":"Feature","properties":{"code":"2626056000","gu":"동래구","dong":"온천2동","lat":35.21385,"lon":129.06555,"rep":1,"prio":11},"geometry":{"type":"MultiPolygon","coordinates":[[[[129.07876,35.21183],[129.07885,35.20407],[129.0685,35.20829],[129.06528,35.20935],[129.06446,35.2099],[129.06442,35.21014],[129.06296,35.21109],[129.06167,35.21172],[129.06083,35.21184],[129.05967,35.21114],[129.05401,35.21087],[129.05145,35.21136],[129.05134,35.21324],[129.05164,35.21374],[129.05479,35.2172],[129.05627,35.21908],[129.05689,35.2208],[129.05807,35.22322],[129.05926,35.22404],[129.06151,35.22263],[129.06189,35.22169],[129.06313,35.22179],[129.07079,35.21666],[129.0726,35.2148],[129.07309,35.21486],[129.07703,35.2138],[129.07876,35.21183]]]]}},{"type":"Feature","properties":{"code":"2650074000","gu":"수영구","dong":"망미1동","lat":35.17147,"lon":129.10082,"rep":1,"prio":12},"geometry":{"type":"MultiPolygon","coordinates":[[[[129.10718,35.17811],[129.10756,35.17492],[129.10924,35.1716],[129.10864,35.17155],[129.10728,35.17178],[129.1052,35.16958],[129.1036,35.16683],[129.10403,35.16563],[129.10309,35.16334],[129.10208,35.16264],[129.10146,35.16247],[129.09945,35.16226],[129.09658,35.163],[129.09519,35.16213],[129.09482,35.16174],[129.09394,35.1626],[129.09232,35.16617],[129.09394,35.16733],[129.09473,35.16811],[129.09713,35.17163],[129.09699,35.17331],[129.09646,35.17346],[129.09668,35.17511],[129.09648,35.17736],[129.09742,35.17952],[129.10039,35.18027],[129.10357,35.18087],[129.10435,35.18072],[129.10708,35.17966],[129.10718,35.17811]]]]}},{"type":"Feature","properties":{"code":"2647062000","gu":"연제구","dong":"거제2동","lat":35.18871,"lon":129.06014,"rep":1,"prio":13},"geometry":{"type":"MultiPolygon","coordinates":[[[[129.07412,35.18859],[129.07063,35.18552],[129.06918,35.18545],[129.0612,35.18389],[129.05664,35.18446],[129.05397,35.18432],[129.05204,35.18478],[129.05097,35.1858],[129.04823,35.18959],[129.04697,35.19186],[129.04693,35.19218],[129.04706,35.19292],[129.04742,35.19384],[129.04769,35.19421],[129.05306,35.19208],[129.05577,35.19237],[129.05988,35.1913],[129.06462,35.19225],[129.0642,35.1937],[129.06648,35.19416],[129.06715,35.19208],[129.06992,35.19185],[129.07369,35.18934],[129.07412,35.18859]]]]}},{"type":"Feature","properties":{"code":"2617068000","gu":"동구","dong":"범일5동","lat":35.12685,"lon":129.05726,"rep":1,"prio":14},"geometry":{"type":"MultiPolygon","coordinates":[[[[129.06533,35.12991],[129.0653,35.12962],[129.06465,35.12894],[129.06487,35.12727],[129.05604,35.11799],[129.05274,35.12013],[129.05253,35.12069],[129.05525,35.12293],[129.05533,35.12532],[129.05455,35.12581],[129.05271,35.12567],[129.05,35.12353],[129.05085,35.1269],[129.05132,35.13006],[129.05641,35.13426],[129.05949,35.13424],[129.06008,35.12959],[129.06533,35.12991]]]]}},{"type":"Feature","properties":{"code":"2611051000","gu":"중구","dong":"중앙동","lat":35.10506,"lon":129.03845,"rep":1,"prio":15},"geometry":{"type":"MultiPolygon","coordinates":[[[[129.04002,35.11142],[129.04273,35.11072],[129.04235,35.11034],[129.04088,35.10811],[129.04455,35.10581],[129.04374,35.10492],[129.04037,35.10703],[129.03982,35.10584],[129.04368,35.10341],[129.04224,35.10191],[129.04,35.10287],[129.03887,35.10355],[129.03967,35.10439],[129.03823,35.10435],[129.03798,35.10389],[129.0381,35.09801],[129.03824,35.09749],[129.0395,35.09523],[129.0393,35.0951],[129.03822,35.09701],[129.03632,35.09642],[129.03692,35.09472],[129.03677,35.09469],[129.03544,35.09828],[129.03556,35.09859],[129.03642,35.09942],[129.0364,35.09986],[129.03628,35.10024],[129.03565,35.10013],[129.03507,35.10095],[129.03475,35.10191],[129.03455,35.10412],[129.03498,35.10664],[129.03532,35.10738],[129.0382,35.112],[129.04002,35.11142]]]]}},{"type":"Feature","properties":{"code":"2671025300","gu":"기장군","dong":"장안읍","lat":35.34957,"lon":129.24709,"rep":0,"prio":16},"geometry":{"type":"MultiPolygon","coordinates":[[[[129.20297,35.38787],[129.20315,35.38583],[129.2034,35.38515],[129.20431,35.38429],[129.20871,35.38117],[129.21095,35.38044],[129.21772,35.37867],[129.22267,35.37941],[129.22335,35.37962],[129.22408,35.38005],[129.2312,35.38161],[129.23369,35.3806],[129.23564,35.38031],[129.23581,35.38039],[129.23617,35.38092],[129.23669,35.38227],[129.24131,35.38558],[129.24164,35.3857],[129.24736,35.38474],[129.2492,35.38349],[129.25039,35.38376],[129.25095,35.38455],[129.2512,35.38572],[129.25079,35.38615],[129.25091,35.3868],[129.252,35.38721],[129.25451,35.38648],[129.25457,35.38602],[129.25509,35.38553],[129.25612,35.38485],[129.25663,35.38479],[129.25995,35.38464],[129.26234,35.38558],[129.26527,35.38647],[129.26677,35.38336],[129.26732,35.38145],[129.26827,35.37991],[129.26961,35.37936],[129.27158,35.37785],[129.27671,35.3724],[129.27731,35.37132],[129.2776,35.37018],[129.27856,35.36788],[129.27971,35.36578],[129.28318,35.36523],[129.28351,35.36271],[129.28099,35.36048],[129.28057,35.35611],[129.28244,35.35391],[129.28346,35.35344],[129.28448,35.35227],[129.28456,35.35076],[129.28377,35.34568],[129.28188,35.34298],[129.28143,35.34257],[129.28029,35.34204],[129.27988,35.3417],[129.27986,35.34151],[129.28246,35.3398],[129.2855,35.3392],[129.2866,35.33997],[129.28917,35.34021],[129.29089,35.33866],[129.29118,35.33779],[129.29206,35.33654],[129.29318,35.33595],[129.2977,35.33553],[129.29984,35.33495],[129.30088,35.33424],[129.30336,35.33167],[129.30392,35.33093],[129.30453,35.32951],[129.30359,35.32948],[129.30229,35.32831],[129.30197,35.32769],[129.30042,35.32261],[129.30106,35.32219],[129.30241,35.32175],[129.30265,35.32137],[129.30182,35.32032],[129.29904,35.31827],[129.29065,35.3188],[129.28967,35.31815],[129.28868,35.31859],[129.28685,35.31986],[129.28651,35.32036],[129.28702,35.32056],[129.28769,35.32116],[129.28795,35.32322],[129.2873,35.32348],[129.28474,35.32373],[129.28446,35.32638],[129.28185,35.32659],[129.27713,35.3254],[129.27757,35.32469],[129.274,35.32327],[129.27122,35.32275],[129.26887,35.32156],[129.26528,35.31911],[129.26295,35.31516],[129.2612,35.31558],[129.25894,35.31289],[129.25622,35.31245],[129.2544,35.31309],[129.25323,35.31118],[129.25294,35.30869],[129.2516,35.30869],[129.2464,35.3081],[129.24486,35.3077],[129.24324,35.30767],[129.24276,35.30789],[129.23971,35.3103],[129.23877,35.31232],[129.23781,35.31385],[129.2354,35.31515],[129.23389,35.31565],[129.23234,35.31586],[129.23014,35.31744],[129.22978,35.31782],[129.2294,35.3184],[129.22939,35.31864],[129.23007,35.31972],[129.23046,35.31926],[129.23101,35.31891],[129.23184,35.31864],[129.23238,35.31869],[129.23331,35.31919],[129.23385,35.32023],[129.23405,35.32133],[129.23375,35.32162],[129.23187,35.32143],[129.22976,35.32553],[129.2276,35.32661],[129.22088,35.32811],[129.22022,35.32875],[129.21868,35.32959],[129.21571,35.33085],[129.21386,35.33083],[129.21172,35.33287],[129.21082,35.3339],[129.21067,35.33579],[129.21075,35.33611],[129.2052,35.33943],[129.20382,35.33998],[129.20336,35.3403],[129.20255,35.34483],[129.20257,35.34543],[129.20327,35.34769],[129.20643,35.35233],[129.20837,35.35671],[129.20839,35.35999],[129.2072,35.36176],[129.20612,35.36403],[129.20591,35.36506],[129.20627,35.36572],[129.20616,35.36707],[129.20479,35.37078],[129.20196,35.37493],[129.2007,35.37521],[129.19936,35.37575],[129.19875,35.37695],[129.19582,35.37982],[129.19452,35.38039],[129.19372,35.38199],[129.19451,35.38375],[129.1968,35.38547],[129.19911,35.38769],[129.20053,35.38867],[129.20118,35.38859],[129.20259,35.38814],[129.20297,35.38787]]]]}},{"type":"Feature","properties":{"code":"2671025000","gu":"기장군","dong":"기장읍","lat":35.22557,"lon":129.20896,"rep":0,"prio":17},"geometry":{"type":"MultiPolygon","coordinates":[[[[129.25291,35.25225],[129.25336,35.25017],[129.25338,35.24667],[129.25185,35.24462],[129.24828,35.24331],[129.24803,35.24178],[129.24856,35.23995],[129.24682,35.23774],[129.24574,35.23707],[129.24511,35.23497],[129.24545,35.23389],[129.24574,35.23114],[129.24546,35.23045],[129.24376,35.22992],[129.24168,35.22897],[129.24107,35.22799],[129.2421,35.22706],[129.24234,35.22624],[129.2404,35.22274],[129.23892,35.22052],[129.23658,35.21962],[129.23584,35.2195],[129.23123,35.22068],[129.23054,35.22163],[129.22846,35.22071],[129.22853,35.21933],[129.23073,35.21925],[129.23323,35.21447],[129.23006,35.20427],[129.23183,35.20147],[129.23015,35.19573],[129.22731,35.1927],[129.22573,35.19187],[129.22382,35.18999],[129.22504,35.1863],[129.22475,35.18573],[129.22183,35.18419],[129.22026,35.18362],[129.21933,35.18376],[129.21812,35.18493],[129.21777,35.18634],[129.21467,35.18655],[129.21336,35.18562],[129.21343,35.18527],[129.21393,35.18507],[129.21391,35.18431],[129.21281,35.18088],[129.21234,35.18083],[129.21085,35.18168],[129.21082,35.1821],[129.21094,35.18229],[129.21083,35.18245],[129.21033,35.18252],[129.20792,35.18194],[129.2076,35.18258],[129.20689,35.18587],[129.20632,35.19128],[129.20634,35.19157],[129.20715,35.19334],[129.20745,35.19456],[129.20667,35.19705],[129.19945,35.20069],[129.19839,35.20083],[129.19767,35.20062],[129.19687,35.20032],[129.1947,35.19896],[129.19386,35.19811],[129.19352,35.19507],[129.19081,35.19291],[129.18904,35.18996],[129.18819,35.18934],[129.18378,35.18972],[129.18332,35.19072],[129.18564,35.19549],[129.18262,35.19798],[129.17963,35.1979],[129.17474,35.20095],[129.17247,35.20202],[129.1714,35.20187],[129.17008,35.20096],[129.16937,35.20098],[129.16504,35.20311],[129.16425,35.20485],[129.16298,35.20597],[129.16026,35.20629],[129.16009,35.20817],[129.15976,35.20969],[129.16045,35.21184],[129.16203,35.21256],[129.16474,35.21494],[129.1654,35.21614],[129.16621,35.21847],[129.1661,35.21911],[129.16784,35.21931],[129.16922,35.21913],[129.17028,35.21868],[129.17087,35.2186],[129.17402,35.21912],[129.17498,35.21947],[129.17885,35.2235],[129.18141,35.22574],[129.18285,35.22689],[129.18485,35.22727],[129.18752,35.22902],[129.18909,35.23112],[129.1905,35.2378],[129.1918,35.24024],[129.19343,35.24168],[129.19359,35.24213],[129.19168,35.24737],[129.19142,35.24783],[129.19006,35.24927],[129.18795,35.25026],[129.18702,35.25102],[129.18669,35.252],[129.1866,35.25483],[129.18862,35.26112],[129.18979,35.26397],[129.19169,35.26538],[129.19211,35.26503],[129.19309,35.26462],[129.19486,35.26522],[129.19519,35.26567],[129.19598,35.26758],[129.19802,35.26854],[129.199,35.26879],[129.20659,35.26917],[129.20692,35.26862],[129.20737,35.26653],[129.20734,35.26565],[129.20699,35.26468],[129.20861,35.26199],[129.21013,35.26028],[129.21059,35.25996],[129.21217,35.25952],[129.2131,35.25951],[129.21532,35.25913],[129.21899,35.25791],[129.21982,35.25751],[129.22009,35.25677],[129.21988,35.25629],[129.21986,35.25554],[129.22007,35.2549],[129.22566,35.25149],[129.2273,35.25188],[129.22868,35.25418],[129.22977,35.25421],[129.23141,35.25362],[129.23415,35.25533],[129.2351,35.2562],[129.23619,35.2562],[129.24065,35.25556],[129.24132,35.25519],[129.24204,35.25449],[129.24582,35.2537],[129.24682,35.25401],[129.25291,35.25225]]]]}},{"type":"Feature","properties":{"code":"2671025600","gu":"기장군","dong":"정관읍","lat":35.33555,"lon":129.17899,"rep":0,"prio":18},"geometry":{"type":"MultiPolygon","coordinates":[[[[129.23007,35.31972],[129.23009,35.31987],[129.22981,35.32018],[129.22929,35.3201],[129.22776,35.31667],[129.22756,35.31564],[129.22574,35.31485],[129.22336,35.3141],[129.22244,35.31412],[129.22101,35.31455],[129.22018,35.31534],[129.21889,35.31584],[129.21822,35.31591],[129.21738,35.31567],[129.2159,35.31426],[129.21327,35.31108],[129.21313,35.31076],[129.21029,35.30873],[129.20139,35.30915],[129.19719,35.3097],[129.1964,35.31009],[129.19443,35.31002],[129.19196,35.30948],[129.18441,35.3072],[129.18042,35.3054],[129.18028,35.30521],[129.17793,35.30438],[129.17714,35.30429],[129.17459,35.30449],[129.16947,35.30746],[129.16466,35.30764],[129.16452,35.30781],[129.16366,35.31105],[129.16368,35.31169],[129.16278,35.31249],[129.1622,35.31239],[129.16005,35.31035],[129.15708,35.30881],[129.15537,35.30858],[129.15465,35.30876],[129.15374,35.30953],[129.15353,35.31],[129.15336,35.31098],[129.1534,35.31364],[129.15409,35.31598],[129.15472,35.31757],[129.15408,35.32076],[129.15359,35.32083],[129.15326,35.32103],[129.1522,35.32222],[129.1521,35.32249],[129.15204,35.32474],[129.15262,35.32597],[129.1525,35.33024],[129.152,35.33322],[129.15123,35.33618],[129.14898,35.33736],[129.14812,35.33668],[129.14734,35.33627],[129.14625,35.33633],[129.14239,35.33787],[129.14181,35.33844],[129.14163,35.33896],[129.14069,35.34034],[129.14004,35.34083],[129.13776,35.34199],[129.13502,35.34317],[129.13369,35.34294],[129.13226,35.34375],[129.12932,35.34397],[129.12824,35.3438],[129.12727,35.34504],[129.12737,35.34567],[129.12966,35.34874],[129.13176,35.34966],[129.13327,35.35],[129.13395,35.3506],[129.1346,35.35149],[129.13471,35.35306],[129.13196,35.35716],[129.12956,35.35916],[129.13028,35.36195],[129.13032,35.36298],[129.13059,35.3643],[129.13086,35.36503],[129.13153,35.36569],[129.13407,35.36552],[129.13657,35.36575],[129.13851,35.36608],[129.14142,35.36495],[129.14635,35.36388],[129.14836,35.36417],[129.14988,35.36384],[129.15309,35.36254],[129.15374,35.36185],[129.15415,35.36081],[129.15725,35.359],[129.16179,35.35878],[129.16239,35.35805],[129.16216,35.35688],[129.16255,35.35636],[129.16746,35.35406],[129.17453,35.35147],[129.17714,35.35129],[129.1784,35.3516],[129.18163,35.35365],[129.18209,35.35433],[129.18228,35.35518],[129.18558,35.35817],[129.18771,35.35915],[129.18948,35.35976],[129.19036,35.35949],[129.19232,35.36021],[129.19349,35.36091],[129.19382,35.36187],[129.19809,35.36922],[129.19936,35.37575],[129.2007,35.37521],[129.20196,35.37493],[129.20479,35.37078],[129.20616,35.36707],[129.20627,35.36572],[129.20591,35.36506],[129.20612,35.36403],[129.2072,35.36176],[129.20839,35.35999],[129.20837,35.35671],[129.20643,35.35233],[129.20327,35.34769],[129.20257,35.34543],[129.20255,35.34483],[129.20336,35.3403],[129.20382,35.33998],[129.2052,35.33943],[129.21075,35.33611],[129.21067,35.33579],[129.21082,35.3339],[129.21172,35.33287],[129.21386,35.33083],[129.21571,35.33085],[129.21868,35.32959],[129.22022,35.32875],[129.22088,35.32811],[129.2276,35.32661],[129.22976,35.32553],[129.23187,35.32143],[129.23375,35.32162],[129.23405,35.32133],[129.23385,35.32023],[129.23331,35.31919],[129.23238,35.31869],[129.23184,35.31864],[129.23101,35.31891],[129.23046,35.31926],[129.23007,35.31972]]]]}},{"type":"Feature","properties":{"code":"2671025900","gu":"기장군","dong":"일광읍","lat":35.28763,"lon":129.22329,"rep":0,"prio":19},"geometry":{"type":"MultiPolygon","coordinates":[[[[129.23007,35.31972],[129.22948,35.31888],[129.22938,35.31854],[129.23014,35.31744],[129.23234,35.31586],[129.23389,35.31565],[129.2354,35.31515],[129.23781,35.31385],[129.23877,35.31232],[129.23971,35.3103],[129.24141,35.30887],[129.24324,35.30767],[129.24486,35.3077],[129.2464,35.3081],[129.2516,35.30869],[129.25294,35.30869],[129.25323,35.31118],[129.2544,35.31309],[129.25622,35.31245],[129.25894,35.31289],[129.2612,35.31558],[129.26295,35.31516],[129.26216,35.31037],[129.26176,35.30939],[129.26139,35.30954],[129.25869,35.30625],[129.25855,35.30594],[129.25867,35.305],[129.2606,35.29899],[129.2614,35.2975],[129.26213,35.29764],[129.26302,35.29861],[129.26326,35.29908],[129.26388,35.29921],[129.26413,35.29884],[129.26374,35.29606],[129.26186,35.29371],[129.26136,35.29058],[129.26031,35.28941],[129.25788,35.28802],[129.25753,35.28758],[129.26028,35.28274],[129.26047,35.28139],[129.26016,35.28086],[129.25881,35.28019],[129.25754,35.28043],[129.25658,35.2801],[129.25574,35.27899],[129.25539,35.27712],[129.25536,35.27608],[129.25587,35.27545],[129.25547,35.2742],[129.25291,35.27117],[129.25126,35.27064],[129.25102,35.27134],[129.25034,35.27168],[129.2465,35.27256],[129.2458,35.27241],[129.24467,35.27161],[129.24406,35.27086],[129.24381,35.26952],[129.244,35.26875],[129.24452,35.26786],[129.24424,35.26638],[129.24371,35.26461],[129.2431,35.26364],[129.2429,35.26356],[129.24276,35.26379],[129.24279,35.26417],[129.24295,35.2643],[129.24288,35.26451],[129.24168,35.265],[129.23612,35.26473],[129.23573,35.26456],[129.23481,35.26355],[129.23409,35.26239],[129.23395,35.26092],[129.2345,35.25934],[129.23545,35.25838],[129.23635,35.25791],[129.2395,35.25751],[129.24213,35.25936],[129.24368,35.2601],[129.24421,35.26023],[129.24784,35.25964],[129.25197,35.26021],[129.25263,35.25959],[129.25357,35.25679],[129.25356,35.25655],[129.25214,35.25594],[129.25202,35.25522],[129.25291,35.25225],[129.24682,35.25401],[129.24582,35.2537],[129.24204,35.25449],[129.24132,35.25519],[129.24065,35.25556],[129.23619,35.2562],[129.2351,35.2562],[129.23415,35.25533],[129.23141,35.25362],[129.22977,35.25421],[129.22868,35.25418],[129.2273,35.25188],[129.22566,35.25149],[129.22007,35.2549],[129.21986,35.25554],[129.21988,35.25629],[129.22009,35.25677],[129.21982,35.25751],[129.21899,35.25791],[129.21532,35.25913],[129.2131,35.25951],[129.21217,35.25952],[129.21059,35.25996],[129.21013,35.26028],[129.20861,35.26199],[129.20699,35.26468],[129.20734,35.26565],[129.20737,35.26653],[129.20692,35.26862],[129.20659,35.26917],[129.199,35.26879],[129.19802,35.26854],[129.19598,35.26758],[129.19576,35.26804],[129.19526,35.26856],[129.19284,35.26921],[129.19109,35.27107],[129.19094,35.27151],[129.19115,35.27176],[129.19347,35.27315],[129.19416,35.27411],[129.19471,35.27842],[129.1942,35.28032],[129.19236,35.28154],[129.18935,35.28293],[129.18769,35.28296],[129.1869,35.28326],[129.18473,35.28435],[129.18187,35.28618],[129.17955,35.29132],[129.17968,35.29233],[129.18023,35.29434],[129.18215,35.29647],[129.18303,35.29908],[129.1827,35.3],[129.18133,35.30191],[129.17986,35.30336],[129.17957,35.30383],[129.17959,35.30416],[129.18042,35.3054],[129.18441,35.3072],[129.19196,35.30948],[129.19488,35.31008],[129.1964,35.31009],[129.19719,35.3097],[129.20139,35.30915],[129.21029,35.30873],[129.21313,35.31076],[129.21327,35.31108],[129.2159,35.31426],[129.21738,35.31567],[129.21822,35.31591],[129.21889,35.31584],[129.22018,35.31534],[129.22101,35.31455],[129.22244,35.31412],[129.22336,35.3141],[129.22574,35.31485],[129.22756,35.31564],[129.22776,35.31667],[129.22929,35.3201],[129.22981,35.32018],[129.23009,35.31987],[129.23007,35.31972]]]]}},{"type":"Feature","properties":{"code":"2644052000","gu":"강서구","dong":"대저2동","lat":35.15869,"lon":128.94208,"rep":0,"prio":20},"geometry":{"type":"MultiPolygon","coordinates":[[[[128.97248,35.19068],[128.96552,35.18646],[128.96201,35.18198],[128.96265,35.1729],[128.96242,35.16349],[128.95953,35.14924],[128.96142,35.13944],[128.95688,35.12731],[128.93904,35.1129],[128.93469,35.11333],[128.93348,35.11376],[128.93316,35.11395],[128.93267,35.1149],[128.93258,35.11685],[128.93203,35.11784],[128.92748,35.12367],[128.92451,35.12676],[128.92172,35.13138],[128.92114,35.13171],[128.91888,35.13187],[128.91839,35.13216],[128.9181,35.13264],[128.91803,35.13319],[128.91821,35.13416],[128.91879,35.13501],[128.92199,35.13863],[128.92545,35.14416],[128.926,35.1453],[128.9262,35.14633],[128.92589,35.14865],[128.92438,35.15157],[128.92379,35.1524],[128.922,35.15691],[128.91925,35.16493],[128.91695,35.16896],[128.91644,35.16953],[128.91607,35.17035],[128.91831,35.17591],[128.91983,35.18215],[128.92126,35.18667],[128.92296,35.18884],[128.92497,35.18969],[128.92709,35.19038],[128.92899,35.18975],[128.93274,35.19066],[128.934,35.19321],[128.93954,35.19306],[128.9457,35.19171],[128.95,35.18761],[128.95719,35.19264],[128.95224,35.19851],[128.96221,35.20287],[128.9634,35.20322],[128.96359,35.19815],[128.96358,35.19477],[128.96619,35.19713],[128.96906,35.19475],[128.96974,35.1936],[128.97248,35.19068]]]]}},{"type":"Feature","properties":{"code":"2644058000","gu":"강서구","dong":"가덕도동","lat":35.04187,"lon":128.82776,"rep":0,"prio":21},"geometry":{"type":"MultiPolygon","coordinates":[[[[128.83247,35.08631],[128.83293,35.08595],[128.83319,35.08476],[128.83316,35.08289],[128.83416,35.08241],[128.83522,35.08227],[128.83582,35.08176],[128.83452,35.08024],[128.83476,35.08025],[128.83433,35.068],[128.83357,35.06627],[128.83421,35.06597],[128.83507,35.06602],[128.83678,35.06735],[128.83685,35.07387],[128.83742,35.07505],[128.84028,35.07443],[128.84152,35.07183],[128.8414,35.07112],[128.84239,35.06955],[128.84697,35.06868],[128.84935,35.06851],[128.85028,35.0689],[128.85321,35.06916],[128.85494,35.069],[128.85521,35.06878],[128.85524,35.06789],[128.8564,35.06627],[128.85751,35.06545],[128.85884,35.06423],[128.85807,35.06362],[128.8541,35.06275],[128.85285,35.06276],[128.84997,35.06219],[128.84762,35.06115],[128.8458,35.05962],[128.84664,35.05641],[128.84861,35.05435],[128.85023,35.05179],[128.85125,35.04159],[128.85054,35.03908],[128.84955,35.03843],[128.84915,35.03514],[128.84973,35.0342],[128.84955,35.03353],[128.84573,35.03235],[128.84431,35.03143],[128.84342,35.03056],[128.84329,35.02967],[128.84376,35.02868],[128.84249,35.02534],[128.84055,35.02268],[128.83889,35.01791],[128.83573,35.01635],[128.83582,35.01288],[128.84044,35.00796],[128.8414,35.00661],[128.84106,35.00493],[128.83979,35.00351],[128.83859,35.00023],[128.84109,34.99714],[128.84076,34.99613],[128.83993,34.99598],[128.83871,34.99642],[128.83506,34.99444],[128.83044,34.98986],[128.82989,34.98843],[128.82731,34.98805],[128.82692,34.98915],[128.8279,34.99151],[128.82916,34.99259],[128.82961,34.99453],[128.82797,34.99472],[128.82353,34.99403],[128.82128,34.99423],[128.82155,34.99727],[128.82199,34.99879],[128.82173,35.00082],[128.81814,35.00138],[128.81832,35.00485],[128.81945,35.00466],[128.82244,35.00487],[128.82359,35.0057],[128.82341,35.00705],[128.81934,35.00897],[128.81987,35.00973],[128.82493,35.01075],[128.82603,35.01378],[128.82452,35.01524],[128.8182,35.01796],[128.8142,35.01861],[128.81112,35.01874],[128.81073,35.01968],[128.81057,35.02171],[128.80581,35.0206],[128.80424,35.02392],[128.80683,35.02498],[128.80909,35.02478],[128.81145,35.02423],[128.8133,35.02421],[128.81466,35.02528],[128.81523,35.02773],[128.815,35.02897],[128.81426,35.02986],[128.81321,35.03034],[128.81112,35.03006],[128.80942,35.03016],[128.80901,35.03044],[128.8083,35.03139],[128.80746,35.03339],[128.80759,35.03373],[128.80796,35.03394],[128.80945,35.03353],[128.81074,35.03339],[128.81115,35.03361],[128.8118,35.03465],[128.81244,35.0366],[128.81239,35.03808],[128.81201,35.04016],[128.81082,35.04159],[128.80894,35.04298],[128.80747,35.04335],[128.80691,35.04385],[128.80614,35.04496],[128.80599,35.04571],[128.80614,35.04622],[128.80585,35.04699],[128.80481,35.04759],[128.79955,35.04751],[128.79747,35.04871],[128.79692,35.0498],[128.79682,35.05407],[128.79599,35.0589],[128.79797,35.0594],[128.79887,35.05745],[128.80562,35.05978],[128.80322,35.06565],[128.82178,35.07031],[128.83078,35.07289],[128.8307,35.08045],[128.80942,35.08197],[128.80949,35.08278],[128.8115,35.08299],[128.81853,35.083],[128.82154,35.08445],[128.82154,35.08585],[128.82456,35.08585],[128.82643,35.08621],[128.82643,35.08787],[128.82838,35.08948],[128.83247,35.08631]]]]}},{"type":"Feature","properties":{"code":"2644055000","gu":"강서구","dong":"가락동","lat":35.18472,"lon":128.8948,"rep":0,"prio":22},"geometry":{"type":"MultiPolygon","coordinates":[[[[128.91239,35.22256],[128.91282,35.22219],[128.91663,35.21696],[128.91976,35.21642],[128.92349,35.21605],[128.92065,35.21409],[128.91885,35.21017],[128.91677,35.20704],[128.90771,35.20082],[128.90564,35.19956],[128.90456,35.19684],[128.90427,35.19471],[128.90559,35.19125],[128.90609,35.18763],[128.90543,35.17591],[128.90498,35.17161],[128.90296,35.16252],[128.90296,35.13707],[128.9032,35.13412],[128.90372,35.13242],[128.90378,35.13079],[128.9016,35.13283],[128.89804,35.13495],[128.89635,35.13568],[128.89458,35.13701],[128.8906,35.14113],[128.88936,35.14326],[128.88815,35.14568],[128.88766,35.14799],[128.88708,35.15635],[128.88795,35.15848],[128.89003,35.16107],[128.8904,35.1618],[128.8906,35.16247],[128.89064,35.16399],[128.89034,35.16435],[128.8802,35.17203],[128.88022,35.17582],[128.88002,35.17887],[128.8801,35.17976],[128.88065,35.181],[128.88163,35.18195],[128.88156,35.18294],[128.8765,35.18741],[128.87602,35.18818],[128.87582,35.1888],[128.8759,35.19088],[128.87619,35.19291],[128.87278,35.1983],[128.87039,35.20171],[128.87543,35.20589],[128.87906,35.20976],[128.87964,35.21016],[128.88175,35.2105],[128.88381,35.21207],[128.88414,35.21251],[128.88395,35.21317],[128.88414,35.21368],[128.88603,35.21453],[128.88642,35.21463],[128.88713,35.21426],[128.88752,35.21419],[128.88861,35.21473],[128.88912,35.21478],[128.8966,35.21311],[128.90494,35.21534],[128.90888,35.21479],[128.91023,35.21502],[128.90505,35.22007],[128.90953,35.22309],[128.91021,35.22294],[128.90877,35.22188],[128.90867,35.22159],[128.90871,35.2207],[128.90889,35.22056],[128.90919,35.22076],[128.90995,35.22173],[128.91013,35.22209],[128.9099,35.22238],[128.9103,35.22293],[128.91239,35.22256]]]]}},{"type":"Feature","properties":{"code":"2644051000","gu":"강서구","dong":"대저1동","lat":35.21053,"lon":128.96746,"rep":0,"prio":23},"geometry":{"type":"MultiPolygon","coordinates":[[[[128.99688,35.22363],[128.99581,35.20794],[128.98928,35.2025],[128.99178,35.20096],[128.98819,35.19724],[128.98668,35.19603],[128.98207,35.1965],[128.97248,35.19068],[128.96974,35.1936],[128.96906,35.19475],[128.96619,35.19713],[128.96358,35.19477],[128.96359,35.19815],[128.9634,35.20322],[128.96221,35.20287],[128.95224,35.19851],[128.95719,35.19264],[128.95,35.18761],[128.9457,35.19171],[128.93954,35.19306],[128.934,35.19321],[128.93274,35.19066],[128.92899,35.18975],[128.92709,35.19038],[128.92928,35.19149],[128.93003,35.19238],[128.93058,35.19364],[128.93117,35.19667],[128.93116,35.19755],[128.93282,35.19996],[128.93385,35.20123],[128.93456,35.20188],[128.93611,35.20264],[128.93802,35.20409],[128.94406,35.21203],[128.94596,35.21483],[128.94613,35.21526],[128.94607,35.21703],[128.94564,35.21808],[128.94486,35.2191],[128.94389,35.22168],[128.94395,35.22407],[128.94413,35.22484],[128.94712,35.22668],[128.95025,35.22485],[128.95246,35.22432],[128.95948,35.22508],[128.97057,35.22726],[128.97677,35.22782],[128.98002,35.22834],[128.98775,35.23089],[128.99311,35.23292],[128.99554,35.23325],[128.99761,35.23439],[128.99688,35.22363]]]]}},{"type":"Feature","properties":{"code":"2644053000","gu":"강서구","dong":"강동동","lat":35.18048,"lon":128.91895,"rep":0,"prio":24},"geometry":{"type":"MultiPolygon","coordinates":[[[[128.94712,35.22668],[128.94413,35.22484],[128.94395,35.22407],[128.94389,35.22168],[128.94486,35.2191],[128.94564,35.21808],[128.94607,35.21703],[128.94613,35.21526],[128.94596,35.21483],[128.94406,35.21203],[128.93802,35.20409],[128.93611,35.20264],[128.93456,35.20188],[128.93385,35.20123],[128.93282,35.19996],[128.93116,35.19755],[128.93117,35.19667],[128.93058,35.19364],[128.93003,35.19238],[128.92928,35.19149],[128.92709,35.19038],[128.92376,35.18926],[128.92296,35.18884],[128.92126,35.18667],[128.91983,35.18215],[128.91831,35.17591],[128.91607,35.17035],[128.91644,35.16953],[128.91695,35.16896],[128.91925,35.16493],[128.922,35.15691],[128.92379,35.1524],[128.92438,35.15157],[128.92589,35.14865],[128.9262,35.14633],[128.926,35.1453],[128.92455,35.14262],[128.92199,35.13863],[128.91879,35.13501],[128.91821,35.13416],[128.91677,35.13475],[128.91136,35.13398],[128.909,35.13317],[128.90624,35.13147],[128.90378,35.13079],[128.90372,35.13242],[128.9032,35.13412],[128.90296,35.13707],[128.90296,35.16252],[128.90498,35.17161],[128.90543,35.17591],[128.90609,35.18763],[128.90604,35.18843],[128.90559,35.19125],[128.90427,35.19471],[128.90456,35.19684],[128.90564,35.19956],[128.90771,35.20082],[128.91677,35.20704],[128.91885,35.21017],[128.92065,35.21409],[128.93168,35.2217],[128.93286,35.22214],[128.93686,35.22493],[128.94102,35.22687],[128.94483,35.22792],[128.94712,35.22668]]]]}},{"type":"Feature","properties":{"code":"2644053500","gu":"강서구","dong":"명지1동","lat":35.11066,"lon":128.91486,"rep":0,"prio":25},"geometry":{"type":"MultiPolygon","coordinates":[[[[128.91821,35.13416],[128.91803,35.13319],[128.9181,35.13264],[128.91839,35.13216],[128.9191,35.13181],[128.92114,35.13171],[128.92172,35.13138],[128.92451,35.12676],[128.92748,35.12367],[128.93203,35.11784],[128.93258,35.11685],[128.93267,35.1149],[128.93316,35.11395],[128.93469,35.11333],[128.93904,35.1129],[128.93686,35.10988],[128.9329,35.11028],[128.93178,35.10666],[128.92866,35.09913],[128.92678,35.09536],[128.92535,35.09341],[128.9219,35.09269],[128.91445,35.09005],[128.91217,35.08937],[128.89627,35.089],[128.89776,35.09308],[128.89939,35.09929],[128.90096,35.10797],[128.90056,35.10912],[128.90041,35.11048],[128.90055,35.11115],[128.90087,35.11198],[128.90209,35.11369],[128.90353,35.11467],[128.90455,35.11564],[128.90546,35.11806],[128.90064,35.11926],[128.90001,35.12141],[128.90053,35.12524],[128.90179,35.13061],[128.90378,35.13079],[128.90624,35.13147],[128.909,35.13317],[128.91136,35.13398],[128.91677,35.13475],[128.91821,35.13416]]]]}},{"type":"Feature","properties":{"code":"2641066500","gu":"금정구","dong":"청룡노포동","lat":35.28559,"lon":129.07894,"rep":0,"prio":26},"geometry":{"type":"MultiPolygon","coordinates":[[[[129.09738,35.27276],[129.09588,35.27197],[129.09128,35.27215],[129.08951,35.27351],[129.08819,35.27522],[129.08792,35.2754],[129.08366,35.27554],[129.08315,35.27545],[129.08113,35.27627],[129.0779,35.27408],[129.07605,35.27324],[129.06565,35.27218],[129.06391,35.27234],[129.06341,35.27258],[129.06083,35.27224],[129.05721,35.27568],[129.05458,35.27759],[129.05057,35.28006],[129.05087,35.28024],[129.05096,35.28046],[129.05057,35.28151],[129.04995,35.2823],[129.04991,35.28386],[129.05192,35.28804],[129.06013,35.29555],[129.06045,35.29538],[129.06089,35.29481],[129.06298,35.29278],[129.06388,35.29212],[129.06511,35.29151],[129.06944,35.29007],[129.07317,35.28994],[129.07356,35.29007],[129.07764,35.29351],[129.08019,35.29594],[129.08653,35.30148],[129.08749,35.30223],[129.08895,35.30307],[129.09065,35.30356],[129.09404,35.30345],[129.097,35.30354],[129.09662,35.30163],[129.09772,35.29664],[129.09798,35.29612],[129.09843,35.29573],[129.09959,35.29688],[129.10275,35.29516],[129.10284,35.29497],[129.10277,35.29449],[129.10211,35.29346],[129.10191,35.29288],[129.10189,35.29152],[129.10201,35.29098],[129.10342,35.28775],[129.10523,35.28435],[129.10549,35.28355],[129.10535,35.2832],[129.10491,35.28286],[129.10428,35.28255],[129.10387,35.28252],[129.10368,35.28322],[129.10261,35.28336],[129.10006,35.2812],[129.09638,35.2792],[129.09456,35.27663],[129.09378,35.27501],[129.09561,35.27441],[129.09722,35.27318],[129.09738,35.27276]]]]}},{"type":"Feature","properties":{"code":"2641059000","gu":"금정구","dong":"부곡3동","lat":35.24661,"lon":129.11447,"rep":0,"prio":27},"geometry":{"type":"MultiPolygon","coordinates":[[[[129.13924,35.25416],[129.136,35.25236],[129.13438,35.25091],[129.13294,35.24829],[129.13244,35.24634],[129.13192,35.24509],[129.12799,35.24074],[129.12563,35.24057],[129.1215,35.24002],[129.11678,35.23813],[129.11417,35.23476],[129.11215,35.23184],[129.10977,35.22992],[129.10886,35.22948],[129.10672,35.2279],[129.10358,35.22978],[129.10171,35.23049],[129.10253,35.23098],[129.10371,35.23374],[129.10351,35.23407],[129.10315,35.23429],[129.10293,35.23506],[129.10249,35.23563],[129.10124,35.23628],[129.0999,35.23548],[129.09915,35.23464],[129.09784,35.23433],[129.09588,35.23461],[129.09184,35.23493],[129.08964,35.23495],[129.08859,35.2375],[129.08853,35.24049],[129.08881,35.24095],[129.09099,35.24315],[129.09472,35.24562],[129.09466,35.24492],[129.096,35.24473],[129.09752,35.24514],[129.10031,35.24682],[129.10081,35.24753],[129.1007,35.24913],[129.10084,35.25034],[129.10148,35.25179],[129.1024,35.25247],[129.10391,35.25395],[129.10453,35.25467],[129.10491,35.25536],[129.10509,35.25603],[129.10614,35.25607],[129.10699,35.25575],[129.11054,35.25659],[129.11601,35.25913],[129.11828,35.25967],[129.12008,35.26031],[129.12156,35.26116],[129.12246,35.26153],[129.12628,35.2619],[129.12904,35.26076],[129.13021,35.26005],[129.13643,35.25943],[129.13774,35.2597],[129.13869,35.26016],[129.1394,35.26035],[129.14086,35.26018],[129.14111,35.25978],[129.14113,35.25943],[129.14001,35.25716],[129.13924,35.25416]]]]}},{"type":"Feature","properties":{"code":"2641070000","gu":"금정구","dong":"금성동","lat":35.25487,"lon":129.05402,"rep":0,"prio":28},"geometry":{"type":"MultiPolygon","coordinates":[[[[129.06083,35.27224],[129.06044,35.27032],[129.06169,35.26733],[129.06231,35.26535],[129.06247,35.26449],[129.06236,35.26366],[129.06193,35.26252],[129.06216,35.26192],[129.06682,35.25757],[129.06758,35.25716],[129.06797,35.25731],[129.06719,35.25567],[129.06686,35.25425],[129.06751,35.24971],[129.06244,35.24436],[129.06124,35.24068],[129.06228,35.23836],[129.06171,35.2376],[129.0602,35.23489],[129.05949,35.23336],[129.05933,35.23264],[129.05971,35.23002],[129.05812,35.23019],[129.05625,35.22968],[129.0527,35.22955],[129.05159,35.22965],[129.04912,35.23087],[129.04653,35.231],[129.04609,35.23131],[129.04574,35.23334],[129.04654,35.23444],[129.04697,35.23477],[129.04916,35.23803],[129.04881,35.23848],[129.04992,35.23898],[129.05064,35.23988],[129.05107,35.24102],[129.04961,35.24513],[129.04872,35.24587],[129.04828,35.24603],[129.04762,35.24621],[129.0461,35.24627],[129.04552,35.24702],[129.04542,35.25214],[129.047,35.25423],[129.04855,35.25507],[129.04779,35.25646],[129.04673,35.25703],[129.03765,35.25972],[129.0361,35.25972],[129.037,35.26119],[129.03775,35.26212],[129.03912,35.26284],[129.04001,35.2628],[129.0416,35.26333],[129.04213,35.26401],[129.04234,35.26543],[129.0424,35.26792],[129.04258,35.26864],[129.0435,35.26992],[129.04456,35.2708],[129.04688,35.27377],[129.05057,35.28006],[129.05458,35.27759],[129.05721,35.27568],[129.06083,35.27224]]]]}},{"type":"Feature","properties":{"code":"2644059000","gu":"강서구","dong":"신호동","lat":35.0811,"lon":128.87812,"rep":0,"prio":29},"geometry":{"type":"MultiPolygon","coordinates":[[[[128.87195,35.08048],[128.86905,35.08181],[128.87105,35.08476],[128.87098,35.08867],[128.86668,35.09774],[128.86636,35.09804],[128.86574,35.09803],[128.86583,35.09952],[128.86619,35.10009],[128.86874,35.10163],[128.87466,35.09899],[128.87717,35.09865],[128.8926,35.09396],[128.88688,35.07911],[128.88482,35.06354],[128.88197,35.06006],[128.87331,35.06155],[128.8603,35.06837],[128.8588,35.06976],[128.85998,35.07132],[128.86113,35.0713],[128.86314,35.0698],[128.87349,35.06964],[128.87455,35.06973],[128.87481,35.07053],[128.87519,35.07936],[128.87195,35.08048]]]]}},{"type":"Feature","properties":{"code":"2635055400","gu":"해운대구","dong":"좌4동","lat":35.18976,"lon":129.17297,"rep":0,"prio":30},"geometry":{"type":"MultiPolygon","coordinates":[[[[129.18904,35.18996],[129.18858,35.18808],[129.18865,35.18745],[129.1894,35.18694],[129.18959,35.18647],[129.18791,35.18468],[129.18784,35.18429],[129.18875,35.18376],[129.19017,35.18326],[129.1906,35.1828],[129.19015,35.1816],[129.18955,35.18063],[129.18947,35.17954],[129.19012,35.17827],[129.19072,35.1781],[129.19091,35.17791],[129.1831,35.17606],[129.18375,35.17493],[129.18381,35.17435],[129.18368,35.1737],[129.18313,35.17293],[129.18184,35.17213],[129.17887,35.17652],[129.17809,35.17712],[129.1752,35.17789],[129.17387,35.17805],[129.17304,35.17782],[129.17092,35.17661],[129.16826,35.18006],[129.16805,35.18011],[129.16687,35.17951],[129.16631,35.17907],[129.16605,35.17951],[129.16223,35.18159],[129.16186,35.18347],[129.16115,35.18373],[129.16104,35.18424],[129.16193,35.18504],[129.16266,35.186],[129.1633,35.18628],[129.16301,35.18686],[129.16328,35.1876],[129.16191,35.18775],[129.16173,35.18876],[129.16175,35.18987],[129.16062,35.19152],[129.16031,35.19284],[129.16085,35.19432],[129.16126,35.19485],[129.16099,35.19528],[129.16024,35.19555],[129.15986,35.1966],[129.1583,35.19746],[129.15717,35.19772],[129.15627,35.19823],[129.15562,35.19822],[129.15454,35.19902],[129.15303,35.19924],[129.15296,35.20093],[129.15421,35.20177],[129.15457,35.20335],[129.15488,35.20406],[129.15908,35.20474],[129.16026,35.20629],[129.16298,35.20597],[129.16425,35.20485],[129.16504,35.20311],[129.16937,35.20098],[129.17008,35.20096],[129.1714,35.20187],[129.17247,35.20202],[129.17474,35.20095],[129.17963,35.1979],[129.18262,35.19798],[129.18564,35.19549],[129.18332,35.19072],[129.18378,35.18972],[129.18819,35.18934],[129.18904,35.18996]]]]}},{"type":"Feature","properties":{"code":"2635051000","gu":"해운대구","dong":"우1동","lat":35.17717,"lon":129.15487,"rep":0,"prio":31},"geometry":{"type":"MultiPolygon","coordinates":[[[[129.16631,35.17907],[129.16637,35.17866],[129.1657,35.17744],[129.16458,35.17451],[129.16444,35.17429],[129.16361,35.17374],[129.16424,35.17297],[129.1643,35.17223],[129.16283,35.16668],[129.16286,35.16606],[129.16199,35.16384],[129.16119,35.16293],[129.16074,35.16148],[129.1604,35.15931],[129.16063,35.15857],[129.15698,35.15756],[129.15489,35.15656],[129.15465,35.15607],[129.15497,35.15486],[129.15402,35.15443],[129.15304,35.15188],[129.15164,35.15174],[129.15029,35.15184],[129.14993,35.15227],[129.14991,35.15271],[129.15112,35.15652],[129.15279,35.15735],[129.15132,35.15897],[129.14464,35.16286],[129.14447,35.1643],[129.14544,35.16507],[129.14908,35.16687],[129.14978,35.16745],[129.1496,35.16889],[129.14977,35.1699],[129.15126,35.17223],[129.15106,35.17285],[129.14723,35.17664],[129.14617,35.17814],[129.14563,35.17952],[129.14534,35.18078],[129.14524,35.18294],[129.14577,35.19205],[129.14722,35.19265],[129.14964,35.19466],[129.15179,35.19819],[129.15303,35.19924],[129.15454,35.19902],[129.15562,35.19822],[129.15627,35.19823],[129.15717,35.19772],[129.1583,35.19746],[129.15986,35.1966],[129.16024,35.19555],[129.16099,35.19528],[129.16126,35.19485],[129.16085,35.19432],[129.16031,35.19284],[129.16062,35.19152],[129.16175,35.18987],[129.16173,35.18876],[129.16191,35.18775],[129.16328,35.1876],[129.16301,35.18686],[129.1633,35.18628],[129.16266,35.186],[129.16193,35.18504],[129.16104,35.18424],[129.16115,35.18373],[129.16186,35.18347],[129.16223,35.18159],[129.16605,35.17951],[129.16631,35.17907]]]]}},{"type":"Feature","properties":{"code":"2632054200","gu":"북구","dong":"화명2동","lat":35.24649,"lon":129.03266,"rep":0,"prio":32},"geometry":{"type":"MultiPolygon","coordinates":[[[[129.04881,35.23848],[129.03926,35.23942],[129.03741,35.23946],[129.03343,35.23915],[129.02336,35.23882],[129.02299,35.23872],[129.0227,35.23832],[129.02284,35.23826],[129.02323,35.23867],[129.02769,35.23672],[129.02588,35.23381],[129.02432,35.23435],[129.02319,35.23519],[129.01768,35.23734],[129.0162,35.23595],[129.01387,35.23445],[129.01365,35.23463],[129.0137,35.2369],[129.01397,35.2369],[129.01423,35.24016],[129.01396,35.24154],[129.01305,35.24452],[129.01474,35.24529],[129.01711,35.24529],[129.01977,35.24764],[129.02156,35.25],[129.02184,35.25122],[129.02723,35.25557],[129.02808,35.25574],[129.02987,35.25556],[129.03489,35.25835],[129.03598,35.25926],[129.0361,35.25972],[129.03765,35.25972],[129.04673,35.25703],[129.04779,35.25646],[129.04855,35.25507],[129.047,35.25423],[129.04542,35.25214],[129.04537,35.25094],[129.04552,35.24702],[129.0461,35.24627],[129.04762,35.24621],[129.04828,35.24603],[129.04872,35.24587],[129.04961,35.24513],[129.05107,35.24102],[129.05064,35.23988],[129.04992,35.23898],[129.04881,35.23848]]]]}},{"type":"Feature","properties":{"code":"2653067000","gu":"사상구","dong":"학장동","lat":35.13789,"lon":128.98894,"rep":0,"prio":33},"geometry":{"type":"MultiPolygon","coordinates":[[[[128.99174,35.14965],[128.99767,35.15002],[128.99746,35.14798],[128.99408,35.14615],[128.99404,35.14472],[128.9953,35.14059],[128.99638,35.14049],[128.99837,35.14077],[129.00269,35.1406],[129.00311,35.14051],[129.00452,35.13951],[129.00295,35.13493],[129.00225,35.12743],[129.0016,35.1265],[128.99961,35.12585],[128.99844,35.12467],[128.99797,35.12255],[128.99495,35.12315],[128.99306,35.12318],[128.99024,35.12359],[128.98978,35.1237],[128.98769,35.12493],[128.98795,35.12687],[128.98788,35.12743],[128.98728,35.12903],[128.98503,35.13156],[128.98396,35.13238],[128.98208,35.1328],[128.98152,35.1328],[128.97844,35.1345],[128.97707,35.13577],[128.97589,35.13634],[128.97518,35.13626],[128.9742,35.13538],[128.97364,35.1348],[128.97291,35.13347],[128.97217,35.13385],[128.97253,35.1378],[128.9732,35.13947],[128.97462,35.14143],[128.97536,35.14308],[128.97623,35.15155],[128.97775,35.15148],[128.98941,35.14947],[128.99174,35.14965]]]]}},{"type":"Feature","properties":{"code":"2641055500","gu":"금정구","dong":"금사회동동","lat":35.23326,"lon":129.1238,"rep":0,"prio":34},"geometry":{"type":"MultiPolygon","coordinates":[[[[129.14429,35.25073],[129.14432,35.24991],[129.14361,35.24869],[129.14376,35.24686],[129.1424,35.24558],[129.14214,35.24489],[129.14129,35.24416],[129.1412,35.2438],[129.1416,35.24259],[129.14125,35.24189],[129.14054,35.24158],[129.13993,35.2406],[129.13728,35.23847],[129.13695,35.23767],[129.13609,35.23717],[129.13585,35.23654],[129.13446,35.23683],[129.13351,35.23642],[129.13222,35.23555],[129.13099,35.23524],[129.1306,35.23384],[129.13023,35.23327],[129.13013,35.23228],[129.13056,35.23126],[129.12966,35.2305],[129.12718,35.22768],[129.12584,35.22694],[129.12368,35.22711],[129.11896,35.22484],[129.11808,35.2239],[129.11735,35.22245],[129.1173,35.22047],[129.11742,35.21926],[129.11808,35.21766],[129.11908,35.21459],[129.11891,35.21364],[129.11835,35.21359],[129.11654,35.21392],[129.11345,35.21294],[129.11194,35.21221],[129.11032,35.21098],[129.10842,35.21411],[129.10965,35.21726],[129.11067,35.21902],[129.10871,35.22209],[129.10743,35.22285],[129.10667,35.22308],[129.10561,35.22397],[129.1054,35.22428],[129.10777,35.22663],[129.10762,35.22717],[129.1073,35.22755],[129.10672,35.2279],[129.10886,35.22948],[129.10977,35.22992],[129.11215,35.23184],[129.11417,35.23476],[129.11678,35.23813],[129.1215,35.24002],[129.12563,35.24057],[129.12799,35.24074],[129.13192,35.24509],[129.13244,35.24634],[129.13294,35.24829],[129.13438,35.25091],[129.136,35.25236],[129.13924,35.25416],[129.14429,35.25073]]]]}},{"type":"Feature","properties":{"code":"2638060100","gu":"사하구","dong":"다대1동","lat":35.05495,"lon":128.96581,"rep":0,"prio":35},"geometry":{"type":"MultiPolygon","coordinates":[[[[128.97266,35.02966],[128.97109,35.02933],[128.96872,35.02985],[128.96853,35.03023],[128.96871,35.03082],[128.97106,35.03419],[128.97141,35.03449],[128.97226,35.03481],[128.9731,35.03453],[128.97357,35.03398],[128.97376,35.03359],[128.97384,35.03295],[128.97344,35.03199],[128.97284,35.03108],[128.97266,35.02966]]],[[[128.97598,35.04327],[128.97565,35.04321],[128.97482,35.04345],[128.9735,35.04418],[128.97215,35.04528],[128.97203,35.04575],[128.97214,35.04609],[128.97246,35.0462],[128.97332,35.04623],[128.97527,35.04554],[128.97626,35.04468],[128.97656,35.04416],[128.97649,35.04378],[128.97598,35.04327]]],[[[128.96912,35.0659],[128.97063,35.06638],[128.97172,35.06341],[128.97236,35.06252],[128.97652,35.0607],[128.97832,35.05924],[128.97852,35.05895],[128.97855,35.05835],[128.97756,35.05692],[128.97734,35.05541],[128.97679,35.05525],[128.97594,35.05552],[128.97533,35.05595],[128.97531,35.05656],[128.9728,35.05663],[128.97245,35.05526],[128.97239,35.05441],[128.97349,35.05335],[128.97394,35.05323],[128.97588,35.05311],[128.98005,35.05313],[128.98265,35.05194],[128.98285,35.05162],[128.98214,35.04776],[128.97995,35.04774],[128.97588,35.04796],[128.97467,35.04865],[128.97311,35.0491],[128.97051,35.0481],[128.96958,35.04747],[128.96911,35.04622],[128.96915,35.04577],[128.96961,35.04498],[128.97291,35.04347],[128.97287,35.04306],[128.96993,35.04042],[128.97261,35.0404],[128.9711,35.03826],[128.96823,35.03697],[128.96754,35.03645],[128.96716,35.03553],[128.96719,35.03411],[128.96697,35.03328],[128.96614,35.03262],[128.96568,35.03264],[128.96462,35.03393],[128.96301,35.03707],[128.96265,35.03853],[128.9627,35.03921],[128.96339,35.04007],[128.96447,35.04229],[128.9645,35.04621],[128.96437,35.04646],[128.96207,35.04737],[128.95922,35.04732],[128.95835,35.04796],[128.9559,35.05243],[128.95569,35.0531],[128.95689,35.05448],[128.95293,35.06954],[128.95254,35.07204],[128.95521,35.07268],[128.95717,35.07146],[128.95852,35.07088],[128.96284,35.06866],[128.96342,35.06825],[128.96685,35.06507],[128.96795,35.06504],[128.96912,35.0659]]]]}},{"type":"Feature","properties":{"code":"2632057100","gu":"북구","dong":"만덕1동","lat":35.22074,"lon":129.04123,"rep":0,"prio":36},"geometry":{"type":"MultiPolygon","coordinates":[[[[129.05971,35.23002],[129.06033,35.22924],[129.06057,35.22847],[129.05997,35.22679],[129.0602,35.22622],[129.05926,35.22404],[129.05807,35.22322],[129.05689,35.2208],[129.05627,35.21908],[129.05479,35.2172],[129.05164,35.21374],[129.05134,35.21324],[129.05145,35.21136],[129.05099,35.21122],[129.0484,35.21135],[129.04544,35.21187],[129.04441,35.21257],[129.04233,35.21308],[129.03814,35.21274],[129.03779,35.21276],[129.03686,35.21317],[129.0312,35.21294],[129.02727,35.21304],[129.02405,35.21349],[129.02336,35.21399],[129.02308,35.21644],[129.02365,35.22128],[129.02351,35.22231],[129.02216,35.22391],[129.02402,35.22382],[129.02469,35.22436],[129.02601,35.22626],[129.03342,35.22771],[129.03432,35.22755],[129.03886,35.22778],[129.04093,35.22824],[129.04407,35.22849],[129.04474,35.22719],[129.04538,35.22423],[129.04643,35.22493],[129.04745,35.22592],[129.04881,35.22841],[129.04912,35.23087],[129.05159,35.22965],[129.0527,35.22955],[129.05625,35.22968],[129.05812,35.23019],[129.05971,35.23002]]]]}},{"type":"Feature","properties":{"code":"2635057000","gu":"해운대구","dong":"반여1동","lat":35.20687,"lon":129.13039,"rep":0,"prio":37},"geometry":{"type":"MultiPolygon","coordinates":[[[[129.15618,35.20427],[129.15488,35.20406],[129.15457,35.20335],[129.15421,35.20177],[129.15296,35.20093],[129.15003,35.20174],[129.14864,35.2023],[129.1478,35.20278],[129.14665,35.20393],[129.14604,35.20473],[129.14557,35.20508],[129.14454,35.20522],[129.1425,35.20594],[129.13983,35.20653],[129.13773,35.20714],[129.13705,35.20749],[129.13664,35.20748],[129.13616,35.20573],[129.13439,35.2044],[129.13385,35.20415],[129.13302,35.20421],[129.13153,35.20456],[129.1313,35.2042],[129.13067,35.20206],[129.12831,35.19939],[129.12796,35.19853],[129.12778,35.19698],[129.12766,35.19672],[129.12683,35.19613],[129.1233,35.19453],[129.12241,35.19374],[129.11529,35.18966],[129.1142,35.19309],[129.11434,35.19532],[129.11455,35.19664],[129.11521,35.19891],[129.11557,35.19975],[129.11587,35.20042],[129.11938,35.20497],[129.12016,35.20631],[129.12098,35.20856],[129.12119,35.21008],[129.11977,35.21481],[129.12116,35.21536],[129.12221,35.21634],[129.1231,35.21691],[129.12872,35.2186],[129.13003,35.2187],[129.12998,35.21848],[129.13361,35.21811],[129.13567,35.21812],[129.13775,35.21843],[129.14103,35.21854],[129.14129,35.21841],[129.14199,35.21794],[129.14349,35.21422],[129.14363,35.21365],[129.14351,35.21277],[129.1447,35.21006],[129.14572,35.20864],[129.15071,35.20603],[129.15618,35.20427]]]]}},{"type":"Feature","properties":{"code":"2638056200","gu":"사하구","dong":"하단2동","lat":35.1143,"lon":128.95759,"rep":0,"prio":38},"geometry":{"type":"MultiPolygon","coordinates":[[[[128.97579,35.11693],[128.97564,35.11634],[128.97324,35.11154],[128.97188,35.10944],[128.9692,35.1064],[128.96831,35.10623],[128.95998,35.1062],[128.94548,35.10807],[128.93939,35.10918],[128.93686,35.10988],[128.93904,35.1129],[128.95688,35.12731],[128.95826,35.12309],[128.95991,35.12028],[128.9615,35.11991],[128.96315,35.12016],[128.96371,35.12172],[128.96633,35.12142],[128.9689,35.12092],[128.97495,35.11761],[128.97579,35.11693]]]]}},{"type":"Feature","properties":{"code":"2632054100","gu":"북구","dong":"화명1동","lat":35.23077,"lon":129.02821,"rep":0,"prio":39},"geometry":{"type":"MultiPolygon","coordinates":[[[[129.04881,35.23848],[129.04916,35.23803],[129.04697,35.23477],[129.04654,35.23444],[129.04574,35.23334],[129.04609,35.23131],[129.04653,35.231],[129.04912,35.23087],[129.04881,35.22841],[129.04745,35.22592],[129.04643,35.22493],[129.04538,35.22423],[129.04474,35.22719],[129.04407,35.22849],[129.04093,35.22824],[129.03886,35.22778],[129.03432,35.22755],[129.03342,35.22771],[129.02601,35.22626],[129.02469,35.22436],[129.02402,35.22382],[129.02148,35.22389],[129.02085,35.22405],[129.01966,35.22384],[129.01549,35.22083],[129.01214,35.21886],[129.01097,35.21789],[129.00911,35.21745],[129.00821,35.2211],[129.00872,35.22219],[129.00907,35.22357],[129.0075,35.2244],[129.01011,35.22702],[129.01224,35.22822],[129.01251,35.22869],[129.0127,35.22936],[129.01387,35.23445],[129.0162,35.23595],[129.01768,35.23734],[129.02319,35.23519],[129.02432,35.23435],[129.02588,35.23381],[129.02769,35.23672],[129.02323,35.23867],[129.02284,35.23826],[129.0227,35.23832],[129.02299,35.23872],[129.02319,35.2388],[129.03343,35.23915],[129.03741,35.23946],[129.03926,35.23942],[129.04881,35.23848]]]]}},{"type":"Feature","properties":{"code":"2641067000","gu":"금정구","dong":"남산동","lat":35.26694,"lon":129.07872,"rep":0,"prio":40},"geometry":{"type":"MultiPolygon","coordinates":[[[[129.09738,35.27276],[129.09729,35.27183],[129.09651,35.26941],[129.09581,35.26785],[129.09538,35.26342],[129.09539,35.26301],[129.09707,35.26141],[129.09621,35.26165],[129.09328,35.25726],[129.09169,35.25777],[129.09137,35.25799],[129.09139,35.2598],[129.09035,35.26049],[129.08479,35.26369],[129.08353,35.26413],[129.08111,35.26443],[129.08062,35.26404],[129.08081,35.2615],[129.0802,35.26103],[129.07906,35.26042],[129.07748,35.26006],[129.07637,35.26023],[129.07448,35.25997],[129.06948,35.25804],[129.06758,35.25716],[129.06682,35.25757],[129.06216,35.26192],[129.06193,35.26252],[129.06236,35.26366],[129.06247,35.26449],[129.06231,35.26535],[129.06169,35.26733],[129.06044,35.27032],[129.06083,35.27224],[129.06341,35.27258],[129.06391,35.27234],[129.06565,35.27218],[129.07605,35.27324],[129.0779,35.27408],[129.08113,35.27627],[129.08315,35.27545],[129.08366,35.27554],[129.08792,35.2754],[129.08819,35.27522],[129.08951,35.27351],[129.09128,35.27215],[129.09588,35.27197],[129.09738,35.27276]]]]}},{"type":"Feature","properties":{"code":"2635056000","gu":"해운대구","dong":"송정동","lat":35.18513,"lon":129.1976,"rep":0,"prio":41},"geometry":{"type":"MultiPolygon","coordinates":[[[[129.20792,35.18194],[129.20758,35.18047],[129.20733,35.18007],[129.20567,35.17911],[129.20494,35.17905],[129.20453,35.18063],[129.20391,35.18063],[129.2023,35.18035],[129.20015,35.17935],[129.19887,35.17842],[129.19804,35.17718],[129.19739,35.17588],[129.19777,35.17485],[129.19807,35.17334],[129.19781,35.17045],[129.19745,35.16874],[129.19607,35.16502],[129.19388,35.16506],[129.19289,35.1649],[129.19138,35.16491],[129.19041,35.16564],[129.18969,35.1659],[129.19087,35.16743],[129.19061,35.16912],[129.19099,35.17089],[129.19166,35.17213],[129.19188,35.17302],[129.19163,35.17366],[129.19201,35.17439],[129.19184,35.17604],[129.19091,35.17791],[129.19072,35.1781],[129.19012,35.17827],[129.18947,35.17954],[129.18955,35.18063],[129.19015,35.1816],[129.1906,35.1828],[129.19017,35.18326],[129.18875,35.18376],[129.18784,35.18429],[129.18791,35.18468],[129.18959,35.18647],[129.1894,35.18694],[129.18865,35.18745],[129.18858,35.18808],[129.18904,35.18996],[129.19081,35.19291],[129.19352,35.19507],[129.19386,35.19811],[129.1947,35.19896],[129.19687,35.20032],[129.19767,35.20062],[129.19839,35.20083],[129.19945,35.20069],[129.20667,35.19705],[129.20745,35.19456],[129.20715,35.19334],[129.20634,35.19157],[129.20632,35.19128],[129.20689,35.18587],[129.2076,35.18258],[129.20792,35.18194]]]]}},{"type":"Feature","properties":{"code":"2653068000","gu":"사상구","dong":"엄궁동","lat":35.12692,"lon":128.97223,"rep":0,"prio":42},"geometry":{"type":"MultiPolygon","coordinates":[[[[128.97291,35.13347],[128.97364,35.1348],[128.9742,35.13538],[128.97518,35.13626],[128.97589,35.13634],[128.97707,35.13577],[128.97844,35.1345],[128.98152,35.1328],[128.98208,35.1328],[128.98396,35.13238],[128.98434,35.13218],[128.98716,35.12925],[128.98788,35.12743],[128.98798,35.12647],[128.98758,35.12444],[128.98736,35.1239],[128.98674,35.12313],[128.98553,35.12201],[128.98189,35.11936],[128.98153,35.11811],[128.97982,35.11675],[128.9763,35.1168],[128.97579,35.11693],[128.97495,35.11761],[128.9689,35.12092],[128.96633,35.12142],[128.96371,35.12172],[128.96315,35.12016],[128.9615,35.11991],[128.95991,35.12028],[128.95826,35.12309],[128.95688,35.12731],[128.96057,35.13718],[128.96453,35.13725],[128.96696,35.13511],[128.96757,35.13286],[128.96815,35.13189],[128.9689,35.13108],[128.9702,35.13033],[128.97196,35.13183],[128.97291,35.13347]]]]}},{"type":"Feature","properties":{"code":"2635052000","gu":"해운대구","dong":"우2동","lat":35.17202,"lon":129.13798,"rep":0,"prio":43},"geometry":{"type":"MultiPolygon","coordinates":[[[[129.14464,35.16286],[129.14319,35.16371],[129.14279,35.16371],[129.14048,35.16199],[129.13917,35.1628],[129.13788,35.1632],[129.13693,35.16319],[129.13555,35.1628],[129.13408,35.16217],[129.13498,35.16037],[129.13691,35.15771],[129.13733,35.15681],[129.13736,35.15566],[129.13698,35.15459],[129.1365,35.15376],[129.13075,35.14771],[129.13032,35.14799],[129.13336,35.15111],[129.13623,35.15434],[129.13673,35.15562],[129.13666,35.15673],[129.13635,35.15756],[129.13587,35.15827],[129.13292,35.16192],[129.13245,35.16171],[129.13095,35.16329],[129.12658,35.16603],[129.12436,35.16906],[129.12317,35.17105],[129.1225,35.17302],[129.12106,35.17465],[129.12242,35.17534],[129.12409,35.17341],[129.12784,35.17535],[129.12847,35.17515],[129.13004,35.17603],[129.13025,35.17579],[129.13068,35.17581],[129.13118,35.17608],[129.13224,35.17618],[129.13294,35.17676],[129.13316,35.17746],[129.13405,35.17796],[129.13421,35.17849],[129.13542,35.17898],[129.13578,35.18004],[129.1377,35.18086],[129.14398,35.18846],[129.14513,35.19114],[129.14577,35.19205],[129.14524,35.18294],[129.14534,35.18078],[129.14563,35.17952],[129.14617,35.17814],[129.14723,35.17664],[129.15106,35.17285],[129.15126,35.17223],[129.14977,35.1699],[129.1496,35.16889],[129.14978,35.16745],[129.14908,35.16687],[129.14544,35.16507],[129.14447,35.1643],[129.14464,35.16286]]]]}},{"type":"Feature","properties":{"code":"2635062000","gu":"해운대구","dong":"반송2동","lat":35.23522,"lon":129.15189,"rep":0,"prio":44},"geometry":{"type":"MultiPolygon","coordinates":[[[[129.1664,35.22084],[129.16453,35.22206],[129.16287,35.2238],[129.1588,35.22553],[129.15333,35.22703],[129.15249,35.22736],[129.15128,35.22987],[129.14935,35.23012],[129.14483,35.22901],[129.14253,35.22913],[129.14174,35.2298],[129.13993,35.2301],[129.13981,35.23076],[129.14158,35.23321],[129.14157,35.23355],[129.14138,35.23375],[129.13933,35.23453],[129.13867,35.23496],[129.13819,35.23555],[129.13627,35.23691],[129.13609,35.23717],[129.13695,35.23767],[129.13728,35.23847],[129.13993,35.2406],[129.14054,35.24158],[129.14125,35.24189],[129.1416,35.24259],[129.1412,35.2438],[129.14129,35.24416],[129.14214,35.24489],[129.1424,35.24558],[129.14376,35.24686],[129.14361,35.24869],[129.14432,35.24991],[129.14429,35.25073],[129.14558,35.25023],[129.14684,35.2494],[129.14734,35.24874],[129.14812,35.24727],[129.14926,35.24759],[129.14996,35.24761],[129.15429,35.24552],[129.15496,35.24505],[129.15542,35.2442],[129.15569,35.24327],[129.15521,35.23934],[129.15513,35.23701],[129.15684,35.2359],[129.15795,35.23535],[129.16164,35.23394],[129.16735,35.22968],[129.16913,35.22786],[129.16952,35.22675],[129.16951,35.22609],[129.16887,35.22466],[129.16796,35.22376],[129.1664,35.22084]]]]}},{"type":"Feature","properties":{"code":"2638055000","gu":"사하구","dong":"당리동","lat":35.11201,"lon":128.98362,"rep":0,"prio":45},"geometry":{"type":"MultiPolygon","coordinates":[[[[128.99797,35.12255],[129.00051,35.1202],[129.00015,35.11838],[128.9997,35.11853],[128.99938,35.11848],[128.99885,35.11815],[128.99808,35.1176],[128.99533,35.11507],[128.99475,35.11437],[128.99395,35.11254],[128.99297,35.1112],[128.99219,35.11077],[128.99076,35.11071],[128.98845,35.10796],[128.98811,35.10777],[128.9855,35.10717],[128.98355,35.10364],[128.98303,35.10293],[128.98155,35.10213],[128.97804,35.09937],[128.97666,35.09745],[128.975,35.09653],[128.97134,35.09773],[128.97337,35.10198],[128.97355,35.10351],[128.96992,35.10486],[128.96908,35.10541],[128.96831,35.10623],[128.9692,35.1064],[128.97188,35.10944],[128.97324,35.11154],[128.97564,35.11634],[128.97579,35.11693],[128.9763,35.1168],[128.97982,35.11675],[128.98153,35.11811],[128.98189,35.11936],[128.98553,35.12201],[128.98674,35.12313],[128.98736,35.1239],[128.98769,35.12493],[128.98978,35.1237],[128.99024,35.12359],[128.99306,35.12318],[128.99495,35.12315],[128.99797,35.12255]]]]}},{"type":"Feature","properties":{"code":"2653064500","gu":"사상구","dong":"감전동","lat":35.14921,"lon":128.97738,"rep":0,"prio":46},"geometry":{"type":"MultiPolygon","coordinates":[[[[128.9997,35.16187],[128.99907,35.16044],[128.9977,35.15857],[128.99611,35.15742],[128.99503,35.15709],[128.9929,35.15428],[128.99174,35.14965],[128.98941,35.14947],[128.97775,35.15148],[128.97623,35.15155],[128.97536,35.14308],[128.97462,35.14143],[128.9732,35.13947],[128.97253,35.1378],[128.97217,35.13385],[128.97291,35.13347],[128.97196,35.13183],[128.9702,35.13033],[128.9689,35.13108],[128.96815,35.13189],[128.96757,35.13286],[128.96696,35.13511],[128.96453,35.13725],[128.96057,35.13718],[128.96142,35.13944],[128.96082,35.14254],[128.96246,35.14333],[128.96476,35.14415],[128.96651,35.14421],[128.96752,35.14557],[128.96891,35.15001],[128.9694,35.15308],[128.97217,35.15824],[128.97342,35.15972],[128.97487,35.16053],[128.976,35.16034],[128.97569,35.15917],[128.98575,35.15708],[128.98606,35.15808],[128.98658,35.15867],[128.98826,35.15955],[128.9897,35.15933],[128.98991,35.15894],[128.99012,35.15883],[128.99059,35.15893],[128.99345,35.16141],[128.99404,35.16277],[128.99408,35.16319],[128.99527,35.16324],[128.99644,35.16213],[128.9997,35.16187]]]]}},{"type":"Feature","properties":{"code":"2614068000","gu":"서구","dong":"암남동","lat":35.06998,"lon":129.01442,"rep":0,"prio":47},"geometry":{"type":"MultiPolygon","coordinates":[[[[129.01604,35.04709],[129.01581,35.04683],[129.01542,35.04691],[129.01489,35.04709],[129.01372,35.04789],[129.01391,35.04995],[129.01416,35.05022],[129.01439,35.05035],[129.01471,35.0503],[129.01543,35.04988],[129.01574,35.04935],[129.01592,35.04828],[129.01585,35.04798],[129.01547,35.04769],[129.01594,35.04753],[129.01609,35.04736],[129.01604,35.04709]]],[[[129.02569,35.0812],[129.02459,35.07608],[129.02276,35.07511],[129.02215,35.07492],[129.02185,35.07516],[129.02203,35.07574],[129.02184,35.07639],[129.0215,35.07719],[129.02119,35.07751],[129.02099,35.07767],[129.01953,35.07754],[129.01784,35.07675],[129.01645,35.07535],[129.01597,35.07455],[129.01717,35.07214],[129.01911,35.0706],[129.02092,35.06892],[129.02228,35.06234],[129.02172,35.0608],[129.01872,35.05913],[129.0159,35.05693],[129.01547,35.05479],[129.01607,35.05464],[129.01627,35.05434],[129.01625,35.054],[129.01586,35.05309],[129.01532,35.0526],[129.00851,35.05055],[129.00836,35.05081],[129.01006,35.05153],[129.01063,35.05245],[129.00977,35.05547],[129.00855,35.06068],[129.00832,35.06239],[129.00838,35.0628],[129.01148,35.06315],[129.01198,35.06486],[129.01095,35.06549],[129.00937,35.06595],[129.00552,35.0711],[129.00444,35.07844],[129.00625,35.07863],[129.00835,35.07824],[129.00935,35.07751],[129.01012,35.07714],[129.01132,35.07686],[129.01163,35.08156],[129.01265,35.08626],[129.01317,35.08809],[129.01402,35.08919],[129.01669,35.0874],[129.01559,35.08444],[129.01561,35.08394],[129.01702,35.08276],[129.01832,35.08188],[129.01993,35.08219],[129.02213,35.08218],[129.02452,35.08127],[129.02569,35.0812]]]]}},{"type":"Feature","properties":{"code":"2653059300","gu":"사상구","dong":"모라3동","lat":35.18312,"lon":129.00765,"rep":0,"prio":48},"geometry":{"type":"MultiPolygon","coordinates":[[[[129.02114,35.18775],[129.02175,35.18352],[129.02189,35.18329],[129.02221,35.18316],[129.0238,35.18304],[129.02364,35.18092],[129.02252,35.17911],[129.0215,35.17832],[129.01996,35.17931],[129.01952,35.17986],[129.01786,35.17933],[129.01668,35.17859],[129.01594,35.1777],[129.01138,35.17411],[129.01017,35.17361],[129.00996,35.17406],[129.00945,35.17461],[129.00914,35.17476],[129.00224,35.17564],[128.99904,35.17577],[128.99858,35.17597],[128.99886,35.17746],[128.9968,35.17937],[128.99557,35.18005],[128.99283,35.18032],[128.9913,35.18136],[128.99297,35.18269],[128.99315,35.18322],[128.99434,35.185],[128.99947,35.19073],[129.00061,35.19166],[129.00171,35.19281],[129.0077,35.1925],[129.00735,35.19168],[129.00721,35.19045],[129.00826,35.18901],[129.00911,35.18881],[129.01599,35.18931],[129.01682,35.1889],[129.01708,35.1886],[129.01938,35.18778],[129.02052,35.18759],[129.02114,35.18775]]]]}},{"type":"Feature","properties":{"code":"2638061000","gu":"사하구","dong":"구평동","lat":35.07344,"lon":128.99028,"rep":0,"prio":49},"geometry":{"type":"MultiPolygon","coordinates":[[[[128.99059,35.09119],[128.99097,35.09002],[128.99177,35.08897],[128.99254,35.08832],[128.99338,35.0879],[128.99426,35.08838],[128.99669,35.0861],[128.99665,35.08545],[128.99694,35.08337],[128.99718,35.08303],[128.99312,35.08387],[128.99273,35.08014],[128.9932,35.07907],[128.9951,35.07569],[128.99503,35.07454],[128.99373,35.07379],[128.99378,35.07267],[128.99439,35.07139],[128.99537,35.07135],[128.99533,35.06349],[128.99641,35.06026],[128.9996,35.05293],[129.0013,35.04822],[129.00016,35.04794],[128.99976,35.04787],[128.99902,35.04881],[128.99686,35.04845],[128.99471,35.05404],[128.99498,35.05691],[128.99386,35.06001],[128.99166,35.0604],[128.98893,35.06124],[128.98786,35.0653],[128.98734,35.06608],[128.98297,35.06845],[128.9812,35.06873],[128.97968,35.07035],[128.98059,35.07204],[128.98538,35.07489],[128.98542,35.07597],[128.98481,35.07903],[128.98367,35.07993],[128.98304,35.08147],[128.98366,35.08474],[128.98357,35.08491],[128.98309,35.08493],[128.98426,35.08665],[128.98437,35.08727],[128.98368,35.09028],[128.98356,35.09188],[128.98878,35.09183],[128.99059,35.09119]]]]}},{"type":"Feature","properties":{"code":"2629061000","gu":"남구","dong":"용당동","lat":35.11344,"lon":129.09742,"rep":0,"prio":50},"geometry":{"type":"MultiPolygon","coordinates":[[[[129.10493,35.12649],[129.10433,35.12492],[129.10422,35.12378],[129.10432,35.12236],[129.10536,35.12019],[129.1036,35.11782],[129.10277,35.11724],[129.10284,35.11678],[129.10412,35.11471],[129.10485,35.11404],[129.10586,35.11404],[129.10628,35.11358],[129.10704,35.11001],[129.10702,35.10942],[129.1029,35.10269],[129.09756,35.09932],[129.0946,35.09913],[129.09374,35.10753],[129.09181,35.10779],[129.08738,35.10714],[129.08721,35.1075],[129.08715,35.10901],[129.08837,35.10909],[129.0882,35.11044],[129.08785,35.11729],[129.08825,35.11856],[129.09035,35.12085],[129.09068,35.12103],[129.09128,35.12207],[129.09149,35.12281],[129.09137,35.12309],[129.0921,35.12414],[129.09475,35.12518],[129.09872,35.12491],[129.09994,35.12503],[129.10214,35.12606],[129.10356,35.12658],[129.10493,35.12649]]]]}},{"type":"Feature","properties":{"code":"2653062000","gu":"사상구","dong":"괘법동","lat":35.16622,"lon":128.99327,"rep":0,"prio":51},"geometry":{"type":"MultiPolygon","coordinates":[[[[129.01017,35.17361],[129.01009,35.17036],[129.0094,35.16909],[129.00778,35.16641],[129.00683,35.16596],[129.00608,35.16525],[129.00586,35.16447],[129.00492,35.16309],[129.00304,35.16133],[129.00275,35.1613],[129.00163,35.16177],[129.00027,35.16211],[128.9997,35.16187],[128.99644,35.16213],[128.99527,35.16324],[128.99408,35.16319],[128.99404,35.16277],[128.99345,35.16141],[128.99059,35.15893],[128.99012,35.15883],[128.98991,35.15894],[128.9897,35.15933],[128.98826,35.15955],[128.98658,35.15867],[128.98606,35.15808],[128.98575,35.15708],[128.97569,35.15917],[128.976,35.16034],[128.97487,35.16053],[128.97604,35.16472],[128.97658,35.16808],[128.97668,35.16962],[128.97876,35.16942],[128.98248,35.16758],[128.98349,35.1673],[128.9898,35.16713],[128.99237,35.16795],[128.99351,35.16858],[128.99515,35.17027],[128.99521,35.17185],[128.99858,35.17597],[128.99904,35.17577],[129.00224,35.17564],[129.00914,35.17476],[129.00945,35.17461],[129.00996,35.17406],[129.01017,35.17361]]]]}},{"type":"Feature","properties":{"code":"2641061000","gu":"금정구","dong":"장전2동","lat":35.23111,"lon":129.07419,"rep":0,"prio":52},"geometry":{"type":"MultiPolygon","coordinates":[[[[129.08941,35.23109],[129.08916,35.22651],[129.0878,35.22222],[129.08726,35.22166],[129.08509,35.22193],[129.0825,35.2239],[129.08192,35.22451],[129.0807,35.22383],[129.0775,35.22635],[129.07155,35.22627],[129.06917,35.2251],[129.06882,35.22508],[129.06687,35.22518],[129.06653,35.2253],[129.06649,35.22648],[129.06611,35.22687],[129.06222,35.22683],[129.06065,35.2265],[129.0602,35.22622],[129.05997,35.22679],[129.06057,35.22847],[129.06033,35.22924],[129.05971,35.23002],[129.05933,35.23264],[129.05949,35.23336],[129.0602,35.23489],[129.06171,35.2376],[129.06228,35.23836],[129.06367,35.23906],[129.06496,35.23934],[129.0661,35.23941],[129.0756,35.23666],[129.0768,35.23834],[129.07721,35.23843],[129.07785,35.23831],[129.08171,35.23697],[129.08293,35.23429],[129.08414,35.23353],[129.08556,35.23304],[129.08941,35.23109]]]]}},{"type":"Feature","properties":{"code":"2641069000","gu":"금정구","dong":"구서2동","lat":35.25512,"lon":129.08109,"rep":0,"prio":53},"geometry":{"type":"MultiPolygon","coordinates":[[[[129.09707,35.26141],[129.09834,35.26092],[129.09974,35.25931],[129.0998,35.25916],[129.09951,35.25799],[129.09852,35.25775],[129.09447,35.25531],[129.08998,35.25153],[129.08991,35.24998],[129.08497,35.24968],[129.0849,35.24979],[129.08083,35.24979],[129.07891,35.24902],[129.07852,35.24848],[129.07847,35.24723],[129.07742,35.24568],[129.07702,35.24556],[129.07057,35.24779],[129.06923,35.24868],[129.06885,35.24973],[129.06751,35.24971],[129.06686,35.25425],[129.06719,35.25567],[129.06797,35.25731],[129.06948,35.25804],[129.07448,35.25997],[129.07637,35.26023],[129.07748,35.26006],[129.07906,35.26042],[129.0802,35.26103],[129.08081,35.2615],[129.08062,35.26404],[129.08111,35.26443],[129.08353,35.26413],[129.08479,35.26369],[129.09035,35.26049],[129.09139,35.2598],[129.09137,35.25799],[129.09169,35.25777],[129.09328,35.25726],[129.09621,35.26165],[129.09707,35.26141]]]]}},{"type":"Feature","properties":{"code":"2620065000","gu":"영도구","dong":"동삼1동","lat":35.07512,"lon":129.06739,"rep":0,"prio":54},"geometry":{"type":"MultiPolygon","coordinates":[[[[129.07774,35.08364],[129.08174,35.07771],[129.07543,35.07544],[129.0761,35.0738],[129.07676,35.07084],[129.07626,35.06928],[129.0737,35.06685],[129.07191,35.06635],[129.06861,35.06499],[129.06824,35.06577],[129.06509,35.06839],[129.06372,35.06921],[129.06267,35.06949],[129.05771,35.06932],[129.05687,35.0694],[129.05201,35.07215],[129.05159,35.07267],[129.05242,35.07351],[129.05531,35.07861],[129.0557,35.07988],[129.05589,35.08163],[129.05717,35.08147],[129.05871,35.07847],[129.05938,35.0775],[129.06256,35.07744],[129.06176,35.07966],[129.06181,35.08063],[129.06325,35.08082],[129.06487,35.08016],[129.07293,35.08467],[129.07343,35.08468],[129.07394,35.08446],[129.07574,35.08444],[129.07595,35.08431],[129.0767,35.08317],[129.07774,35.08364]]]]}},{"type":"Feature","properties":{"code":"2629062000","gu":"남구","dong":"감만1동","lat":35.11177,"lon":129.0787,"rep":0,"prio":55},"geometry":{"type":"MultiPolygon","coordinates":[[[[129.0776,35.12081],[129.07708,35.11973],[129.0791,35.11861],[129.07989,35.11886],[129.08049,35.1192],[129.0808,35.11956],[129.08334,35.11949],[129.08825,35.11856],[129.08785,35.11729],[129.0882,35.11044],[129.08837,35.10909],[129.08715,35.10901],[129.08721,35.1075],[129.08738,35.10714],[129.08759,35.10359],[129.07491,35.10358],[129.0672,35.10769],[129.06989,35.11384],[129.07378,35.11675],[129.07325,35.11814],[129.07227,35.11873],[129.07101,35.11738],[129.0695,35.1183],[129.073,35.12217],[129.07498,35.12171],[129.0762,35.12091],[129.0776,35.12081]]]]}},{"type":"Feature","properties":{"code":"2632054300","gu":"북구","dong":"화명3동","lat":35.23248,"lon":129.0052,"rep":0,"prio":56},"geometry":{"type":"MultiPolygon","coordinates":[[[[129.0142,35.23987],[129.01397,35.2369],[129.0137,35.2369],[129.01365,35.23463],[129.01387,35.23445],[129.01251,35.22869],[129.01224,35.22822],[129.01011,35.22702],[129.0075,35.2244],[129.00907,35.22357],[129.00872,35.22219],[129.00821,35.2211],[129.00716,35.22032],[129.00541,35.2205],[129.00592,35.22463],[129.00606,35.22497],[129.00536,35.22573],[129.00401,35.22621],[129.00364,35.2262],[129.00485,35.2241],[129.00463,35.22246],[128.99688,35.22363],[128.99774,35.23525],[129.00195,35.24306],[129.00256,35.24324],[129.00596,35.24238],[129.01267,35.24029],[129.01319,35.2401],[129.01318,35.23992],[129.0142,35.23987]]]]}},{"type":"Feature","properties":{"code":"2635065000","gu":"해운대구","dong":"재송1동","lat":35.18277,"lon":129.12757,"rep":0,"prio":57},"geometry":{"type":"MultiPolygon","coordinates":[[[[129.14371,35.18818],[129.1377,35.18086],[129.13578,35.18004],[129.13542,35.17898],[129.13421,35.17849],[129.13405,35.17796],[129.13316,35.17746],[129.13294,35.17676],[129.13224,35.17618],[129.13118,35.17608],[129.13068,35.17581],[129.13025,35.17579],[129.13004,35.17603],[129.12847,35.17515],[129.12784,35.17535],[129.12409,35.17341],[129.12242,35.17534],[129.12106,35.17465],[129.11926,35.17675],[129.11926,35.1785],[129.11845,35.18178],[129.11552,35.18783],[129.11529,35.18966],[129.11929,35.19195],[129.12036,35.19165],[129.12124,35.18779],[129.12557,35.18731],[129.12649,35.18836],[129.12871,35.18863],[129.12941,35.188],[129.12945,35.18778],[129.12883,35.18726],[129.12934,35.1861],[129.12947,35.18527],[129.12991,35.18513],[129.13057,35.18521],[129.13287,35.18617],[129.13525,35.18769],[129.13834,35.18894],[129.14371,35.18818]]]]}},{"type":"Feature","properties":{"code":"2638057200","gu":"사하구","dong":"신평2동","lat":35.09046,"lon":128.96041,"rep":0,"prio":58},"geometry":{"type":"MultiPolygon","coordinates":[[[[128.97134,35.09773],[128.96892,35.09642],[128.96777,35.09564],[128.96811,35.09542],[128.96894,35.0919],[128.96603,35.09003],[128.96802,35.08459],[128.96492,35.08354],[128.95773,35.08143],[128.95103,35.07963],[128.95133,35.08016],[128.95053,35.08373],[128.95118,35.08579],[128.95245,35.08766],[128.95344,35.08956],[128.95488,35.09396],[128.95515,35.09514],[128.95562,35.09921],[128.96038,35.09887],[128.96319,35.09986],[128.96441,35.10083],[128.96619,35.10067],[128.96775,35.10009],[128.96965,35.09913],[128.97085,35.09833],[128.97134,35.09773]]]]}},{"type":"Feature","properties":{"code":"2632057200","gu":"북구","dong":"만덕2동","lat":35.20515,"lon":129.03861,"rep":0,"prio":59},"geometry":{"type":"MultiPolygon","coordinates":[[[[129.05145,35.21136],[129.05098,35.20844],[129.05,35.20666],[129.0451,35.20197],[129.04358,35.20216],[129.04347,35.20125],[129.04353,35.19929],[129.04387,35.19839],[129.04154,35.19911],[129.03955,35.1995],[129.03555,35.19845],[129.03477,35.19817],[129.03381,35.19762],[129.03311,35.19637],[129.03194,35.19527],[129.02753,35.19351],[129.02611,35.19334],[129.0255,35.19341],[129.02702,35.19535],[129.0273,35.19651],[129.02968,35.20009],[129.0313,35.20143],[129.03078,35.20408],[129.03116,35.20704],[129.03181,35.20948],[129.03259,35.20945],[129.0329,35.21093],[129.03254,35.21256],[129.0312,35.21294],[129.03686,35.21317],[129.03779,35.21276],[129.03814,35.21274],[129.04233,35.21308],[129.04441,35.21257],[129.04544,35.21187],[129.0484,35.21135],[129.05099,35.21122],[129.05145,35.21136]]]]}},{"type":"Feature","properties":{"code":"2641060000","gu":"금정구","dong":"장전1동","lat":35.24117,"lon":129.07593,"rep":0,"prio":60},"geometry":{"type":"MultiPolygon","coordinates":[[[[129.07742,35.24568],[129.07837,35.24502],[129.0811,35.2445],[129.08296,35.24442],[129.08339,35.24468],[129.08439,35.24449],[129.08584,35.24343],[129.08836,35.24191],[129.08935,35.24147],[129.08881,35.24095],[129.08853,35.24049],[129.08851,35.23836],[129.08859,35.2375],[129.08964,35.23495],[129.08941,35.23109],[129.08556,35.23304],[129.08414,35.23353],[129.08293,35.23429],[129.08171,35.23697],[129.07765,35.23837],[129.0768,35.23834],[129.0756,35.23666],[129.0661,35.23941],[129.06496,35.23934],[129.06367,35.23906],[129.06228,35.23836],[129.06124,35.24068],[129.06244,35.24436],[129.06751,35.24971],[129.06885,35.24973],[129.06937,35.24853],[129.07098,35.2476],[129.07681,35.24557],[129.07742,35.24568]]]]}},{"type":"Feature","properties":{"code":"2638058000","gu":"사하구","dong":"장림1동","lat":35.07691,"lon":128.96312,"rep":0,"prio":61},"geometry":{"type":"MultiPolygon","coordinates":[[[[128.97744,35.08512],[128.97733,35.08231],[128.97657,35.08064],[128.96822,35.08075],[128.96794,35.08016],[128.96743,35.07878],[128.96658,35.07337],[128.96665,35.07286],[128.96745,35.07228],[128.96762,35.07192],[128.96916,35.06644],[128.96912,35.0659],[128.96795,35.06504],[128.96685,35.06507],[128.96342,35.06825],[128.96284,35.06866],[128.95852,35.07088],[128.95717,35.07146],[128.95521,35.07268],[128.95254,35.07204],[128.9509,35.07802],[128.95103,35.07963],[128.95773,35.08143],[128.96492,35.08354],[128.96802,35.08459],[128.96775,35.08539],[128.97744,35.08512]]]]}},{"type":"Feature","properties":{"code":"2632052100","gu":"북구","dong":"구포3동","lat":35.1952,"lon":129.0139,"rep":0,"prio":62},"geometry":{"type":"MultiPolygon","coordinates":[[[[129.01832,35.20001],[129.02178,35.1994],[129.02322,35.19789],[129.02449,35.19632],[129.02514,35.19491],[129.0255,35.19341],[129.02534,35.1926],[129.02464,35.19137],[129.02303,35.18935],[129.02206,35.18835],[129.02114,35.18775],[129.02052,35.18759],[129.01938,35.18778],[129.01708,35.1886],[129.01682,35.1889],[129.01599,35.18931],[129.00911,35.18881],[129.00826,35.18901],[129.00721,35.19045],[129.00735,35.19168],[129.0077,35.1925],[129.00171,35.19281],[129.00518,35.19917],[129.00491,35.20063],[129.00413,35.20179],[129.0036,35.20217],[129.00537,35.2027],[129.00637,35.20376],[129.00864,35.20427],[129.00992,35.20264],[129.01107,35.20151],[129.01307,35.20084],[129.01384,35.20095],[129.01708,35.20042],[129.01832,35.20001]]]]}},{"type":"Feature","properties":{"code":"2653066000","gu":"사상구","dong":"주례2동","lat":35.15198,"lon":129.01068,"rep":0,"prio":63},"geometry":{"type":"MultiPolygon","coordinates":[[[[129.01284,35.16567],[129.01103,35.16272],[129.01064,35.16015],[129.01482,35.15711],[129.01594,35.15571],[129.01631,35.15464],[129.01667,35.15281],[129.01619,35.14825],[129.01568,35.14693],[129.01578,35.14382],[129.01623,35.14337],[129.01625,35.14314],[129.01615,35.14224],[129.01425,35.13987],[129.0131,35.13872],[129.01229,35.1383],[129.01132,35.13819],[129.00658,35.13939],[129.00625,35.14279],[129.00635,35.14448],[129.00677,35.1457],[129.00791,35.14588],[129.00787,35.14657],[129.00756,35.14896],[129.00732,35.14961],[129.00661,35.15037],[129.00588,35.15088],[129.00544,35.15178],[129.00512,35.15566],[129.00581,35.15837],[129.00677,35.16126],[129.00797,35.16351],[129.0078,35.16376],[129.00586,35.16447],[129.00608,35.16525],[129.00683,35.16596],[129.00778,35.16641],[129.01009,35.17036],[129.0117,35.16881],[129.01184,35.168],[129.01165,35.16762],[129.0117,35.16738],[129.01249,35.16605],[129.01284,35.16567]]]]}},{"type":"Feature","properties":{"code":"2623067000","gu":"부산진구","dong":"당감1동","lat":35.16882,"lon":129.02375,"rep":0,"prio":64},"geometry":{"type":"MultiPolygon","coordinates":[[[[129.0215,35.17832],[129.02153,35.17682],[129.02185,35.17394],[129.02418,35.17149],[129.02699,35.16956],[129.03267,35.16586],[129.03467,35.16506],[129.0364,35.16457],[129.03952,35.16399],[129.03871,35.16747],[129.0398,35.16752],[129.04062,35.16692],[129.04106,35.16605],[129.04251,35.16614],[129.04496,35.1628],[129.04005,35.1616],[129.03188,35.15909],[129.0306,35.16271],[129.02877,35.16593],[129.02341,35.16557],[129.01944,35.16599],[129.0165,35.16534],[129.01284,35.16567],[129.01249,35.16605],[129.0117,35.16738],[129.01165,35.16762],[129.01184,35.168],[129.0117,35.16881],[129.01009,35.17036],[129.01017,35.17361],[129.01138,35.17411],[129.01594,35.1777],[129.01668,35.17859],[129.01786,35.17933],[129.01952,35.17986],[129.01996,35.17931],[129.0215,35.17832]]]]}},{"type":"Feature","properties":{"code":"2638059000","gu":"사하구","dong":"장림2동","lat":35.0754,"lon":128.97567,"rep":0,"prio":65},"geometry":{"type":"MultiPolygon","coordinates":[[[[128.98309,35.08493],[128.98357,35.08491],[128.98366,35.08474],[128.98304,35.08147],[128.98367,35.07993],[128.98481,35.07903],[128.98542,35.07597],[128.98538,35.07489],[128.98059,35.07204],[128.97968,35.07035],[128.97876,35.06934],[128.97383,35.06566],[128.97343,35.06562],[128.97063,35.06638],[128.96912,35.0659],[128.96916,35.06644],[128.96762,35.07192],[128.96745,35.07228],[128.96665,35.07286],[128.96658,35.07337],[128.96743,35.07878],[128.96822,35.08075],[128.97657,35.08064],[128.97733,35.08231],[128.97744,35.08512],[128.98309,35.08493]]]]}},{"type":"Feature","properties":{"code":"2629058000","gu":"남구","dong":"용호2동","lat":35.10819,"lon":129.11913,"rep":0,"prio":66},"geometry":{"type":"MultiPolygon","coordinates":[[[[129.12724,35.1143],[129.12744,35.11215],[129.12793,35.11024],[129.12783,35.10963],[129.12685,35.1075],[129.12374,35.10195],[129.12369,35.10174],[129.12391,35.10143],[129.12466,35.10093],[129.12521,35.10086],[129.12418,35.09929],[129.1235,35.09886],[129.11957,35.09938],[129.11572,35.10014],[129.11389,35.10161],[129.11295,35.10299],[129.11205,35.1078],[129.11106,35.11131],[129.11106,35.11638],[129.12724,35.1143]]]]}},{"type":"Feature","properties":{"code":"2626055000","gu":"동래구","dong":"온천1동","lat":35.22081,"lon":129.07414,"rep":0,"prio":67},"geometry":{"type":"MultiPolygon","coordinates":[[[[129.08192,35.22451],[129.0825,35.2239],[129.08509,35.22193],[129.08726,35.22166],[129.08494,35.21792],[129.08082,35.21362],[129.08003,35.21379],[129.07876,35.21183],[129.07703,35.2138],[129.07309,35.21486],[129.0726,35.2148],[129.07079,35.21666],[129.06313,35.22179],[129.06189,35.22169],[129.06151,35.22263],[129.05926,35.22404],[129.0602,35.22622],[129.06065,35.2265],[129.06222,35.22683],[129.06535,35.22694],[129.06611,35.22687],[129.06649,35.22648],[129.06653,35.2253],[129.06687,35.22518],[129.06917,35.2251],[129.07155,35.22627],[129.07675,35.2264],[129.07771,35.22627],[129.0807,35.22383],[129.08192,35.22451]]]]}},{"type":"Feature","properties":{"code":"2638062000","gu":"사하구","dong":"감천1동","lat":35.08737,"lon":129.00258,"rep":0,"prio":68},"geometry":{"type":"MultiPolygon","coordinates":[[[[129.00346,35.09697],[129.00312,35.09473],[129.00247,35.09387],[129.00265,35.09339],[129.00452,35.09099],[129.00666,35.08974],[129.01317,35.08809],[129.01265,35.08626],[129.01163,35.08156],[129.01132,35.07686],[129.01012,35.07714],[129.00935,35.07751],[129.00835,35.07824],[129.00625,35.07863],[129.00444,35.07844],[129.00393,35.08129],[129.00515,35.0844],[129.00271,35.08468],[128.99916,35.08332],[128.99977,35.08172],[129.00179,35.08123],[129.00153,35.08041],[128.99863,35.08055],[128.99798,35.08083],[128.99718,35.08303],[128.99694,35.08337],[128.99665,35.08545],[128.99669,35.0861],[128.99426,35.08838],[128.99338,35.0879],[128.99254,35.08832],[128.99177,35.08897],[128.99097,35.09002],[128.99059,35.09119],[128.99379,35.09389],[128.99823,35.09575],[129.00024,35.09738],[129.00346,35.09697]]]]}},{"type":"Feature","properties":{"code":"2623071000","gu":"부산진구","dong":"가야제1동","lat":35.14701,"lon":129.03518,"rep":0,"prio":69},"geometry":{"type":"MultiPolygon","coordinates":[[[[129.04594,35.15666],[129.04613,35.15415],[129.04574,35.15301],[129.04241,35.15072],[129.041,35.14958],[129.04067,35.14839],[129.03986,35.14788],[129.03928,35.14724],[129.03872,35.1462],[129.03829,35.14452],[129.0383,35.14292],[129.03845,35.14259],[129.03845,35.14206],[129.03762,35.13973],[129.03739,35.13941],[129.03469,35.13728],[129.03313,35.13706],[129.03178,35.13751],[129.02863,35.13673],[129.02802,35.13651],[129.02702,35.13535],[129.02627,35.13512],[129.02562,35.13891],[129.02591,35.14014],[129.02743,35.14376],[129.03037,35.14744],[129.03373,35.14714],[129.0337,35.1476],[129.03252,35.15016],[129.03235,35.15131],[129.03244,35.15268],[129.03166,35.15602],[129.03771,35.15692],[129.03869,35.15599],[129.04067,35.15585],[129.0423,35.15626],[129.04406,35.15743],[129.04594,35.15666]]]]}},{"type":"Feature","properties":{"code":"2623076000","gu":"부산진구","dong":"개금3동","lat":35.16017,"lon":129.02172,"rep":0,"prio":70},"geometry":{"type":"MultiPolygon","coordinates":[[[[129.03354,35.15954],[129.03394,35.15735],[129.0336,35.15754],[129.03095,35.15667],[129.02949,35.15568],[129.02551,35.1549],[129.01667,35.15281],[129.01649,35.15406],[129.01594,35.15571],[129.01522,35.15666],[129.01436,35.15749],[129.01302,35.15835],[129.01064,35.16015],[129.01103,35.16272],[129.01284,35.16567],[129.0165,35.16534],[129.01944,35.16599],[129.02341,35.16557],[129.02877,35.16593],[129.0306,35.16271],[129.03188,35.15909],[129.03354,35.15954]]]]}},{"type":"Feature","properties":{"code":"2638060200","gu":"사하구","dong":"다대2동","lat":35.06045,"lon":128.98469,"rep":0,"prio":71},"geometry":{"type":"MultiPolygon","coordinates":[[[[128.99686,35.04845],[128.99442,35.04812],[128.99061,35.04892],[128.99028,35.04908],[128.98981,35.05052],[128.99006,35.05257],[128.99051,35.05292],[128.98816,35.05797],[128.98456,35.05969],[128.97756,35.05692],[128.97855,35.05835],[128.97852,35.05895],[128.97832,35.05924],[128.97652,35.0607],[128.97236,35.06252],[128.97172,35.06341],[128.97063,35.06638],[128.97372,35.0656],[128.97876,35.06934],[128.97968,35.07035],[128.9812,35.06873],[128.98297,35.06845],[128.98734,35.06608],[128.98786,35.0653],[128.98893,35.06124],[128.99166,35.0604],[128.99386,35.06001],[128.99498,35.05691],[128.99471,35.05404],[128.99686,35.04845]]]]}},{"type":"Feature","properties":{"code":"2626059000","gu":"동래구","dong":"사직2동","lat":35.19868,"lon":129.05336,"rep":0,"prio":72},"geometry":{"type":"MultiPolygon","coordinates":[[[[129.05965,35.20195],[129.0587,35.20083],[129.05905,35.19966],[129.06102,35.19572],[129.06345,35.19619],[129.06462,35.19225],[129.05988,35.1913],[129.05577,35.19237],[129.05306,35.19208],[129.04769,35.19421],[129.0441,35.19794],[129.04353,35.19929],[129.04347,35.20125],[129.04358,35.20216],[129.0451,35.20197],[129.05,35.20666],[129.05098,35.20844],[129.05541,35.2055],[129.05715,35.20408],[129.0582,35.20366],[129.05884,35.20318],[129.0595,35.20238],[129.05965,35.20195]]]]}},{"type":"Feature","properties":{"code":"2641068000","gu":"금정구","dong":"구서1동","lat":35.24922,"lon":129.09217,"rep":0,"prio":73},"geometry":{"type":"MultiPolygon","coordinates":[[[[129.10492,35.2555],[129.10453,35.25467],[129.10391,35.25395],[129.1024,35.25247],[129.10148,35.25179],[129.10084,35.25034],[129.1007,35.24913],[129.10081,35.24753],[129.10031,35.24682],[129.09752,35.24514],[129.096,35.24473],[129.09466,35.24492],[129.09472,35.24562],[129.09099,35.24315],[129.08935,35.24147],[129.08836,35.24191],[129.08584,35.24343],[129.08439,35.24449],[129.08339,35.24468],[129.08296,35.24442],[129.0811,35.2445],[129.07837,35.24502],[129.07742,35.24568],[129.07847,35.24723],[129.07852,35.24848],[129.07891,35.24902],[129.08083,35.24979],[129.0849,35.24979],[129.08497,35.24968],[129.08991,35.24998],[129.08998,35.25153],[129.09447,35.25531],[129.09852,35.25775],[129.09951,35.25799],[129.1,35.25776],[129.10066,35.25736],[129.10163,35.25618],[129.10245,35.2557],[129.10492,35.2555]]]]}},{"type":"Feature","properties":{"code":"2629059000","gu":"남구","dong":"용호3동","lat":35.12208,"lon":129.11915,"rep":0,"prio":74},"geometry":{"type":"MultiPolygon","coordinates":[[[[129.12724,35.1143],[129.11106,35.11638],[129.11183,35.11879],[129.11251,35.12481],[129.11305,35.1262],[129.11583,35.12915],[129.11653,35.13021],[129.11717,35.13027],[129.12061,35.13395],[129.12108,35.13327],[129.12118,35.13289],[129.12107,35.13254],[129.1216,35.13133],[129.12234,35.12877],[129.12254,35.12707],[129.12287,35.12629],[129.12494,35.12217],[129.12703,35.11981],[129.12715,35.11928],[129.12724,35.1143]]]]}},{"type":"Feature","properties":{"code":"2635059000","gu":"해운대구","dong":"반여3동","lat":35.20044,"lon":129.14152,"rep":0,"prio":75},"geometry":{"type":"MultiPolygon","coordinates":[[[[129.15296,35.20093],[129.15303,35.19924],[129.15179,35.19819],[129.14964,35.19466],[129.14722,35.19265],[129.14577,35.19205],[129.14522,35.19475],[129.1437,35.19569],[129.14133,35.19649],[129.134,35.1983],[129.12813,35.19896],[129.12831,35.19939],[129.12905,35.20032],[129.13031,35.20154],[129.13067,35.20206],[129.1313,35.2042],[129.13153,35.20456],[129.13302,35.20421],[129.13385,35.20415],[129.13439,35.2044],[129.13616,35.20573],[129.13664,35.20748],[129.13705,35.20749],[129.13773,35.20714],[129.13983,35.20653],[129.1425,35.20594],[129.14454,35.20522],[129.14557,35.20508],[129.14604,35.20473],[129.14665,35.20393],[129.1478,35.20278],[129.14864,35.2023],[129.15003,35.20174],[129.15296,35.20093]]]]}},{"type":"Feature","properties":{"code":"2632056000","gu":"북구","dong":"덕천2동","lat":35.21539,"lon":129.00428,"rep":0,"prio":76},"geometry":{"type":"MultiPolygon","coordinates":[[[[129.00821,35.2211],[129.00911,35.21745],[129.01097,35.21789],[129.01194,35.21582],[129.0095,35.21479],[129.00961,35.21413],[129.01153,35.20865],[129.01397,35.20927],[129.01466,35.20782],[129.0143,35.20562],[129.0139,35.20535],[129.01229,35.20487],[129.01139,35.20508],[129.01041,35.20583],[129.01055,35.20637],[129.00733,35.20938],[129.00486,35.20998],[129.0041,35.20981],[129.00245,35.21015],[129.00109,35.21061],[128.99616,35.21306],[128.99688,35.22363],[129.00463,35.22246],[129.00485,35.2241],[129.00364,35.2262],[129.00401,35.22621],[129.00536,35.22573],[129.00606,35.22497],[129.00592,35.22463],[129.00541,35.2205],[129.00716,35.22032],[129.00821,35.2211]]]]}},{"type":"Feature","properties":{"code":"2620064000","gu":"영도구","dong":"청학2동","lat":35.08971,"lon":129.06334,"rep":0,"prio":77},"geometry":{"type":"MultiPolygon","coordinates":[[[[129.06241,35.0988],[129.06843,35.09599],[129.07096,35.09395],[129.07397,35.0905],[129.07185,35.08873],[129.07063,35.08804],[129.07041,35.08816],[129.06925,35.08803],[129.06709,35.0873],[129.06718,35.0856],[129.0654,35.08437],[129.06306,35.08335],[129.05717,35.08147],[129.05589,35.08163],[129.05526,35.08218],[129.05383,35.08655],[129.05522,35.08744],[129.05954,35.09237],[129.06036,35.09539],[129.06109,35.09736],[129.06218,35.09884],[129.06241,35.0988]]]]}},{"type":"Feature","properties":{"code":"2638057100","gu":"사하구","dong":"신평1동","lat":35.09051,"lon":128.97526,"rep":0,"prio":78},"geometry":{"type":"MultiPolygon","coordinates":[[[[128.975,35.09653],[128.97628,35.0966],[128.97784,35.09604],[128.97896,35.09543],[128.98049,35.09434],[128.98156,35.09418],[128.9824,35.09431],[128.98356,35.09188],[128.98368,35.09028],[128.98437,35.08727],[128.98426,35.08665],[128.98309,35.08493],[128.96775,35.08539],[128.96603,35.09003],[128.96894,35.0919],[128.96811,35.09542],[128.96777,35.09564],[128.96892,35.09642],[128.97134,35.09773],[128.975,35.09653]]]]}},{"type":"Feature","properties":{"code":"2623060000","gu":"부산진구","dong":"전포1동","lat":35.15445,"lon":129.07176,"rep":0,"prio":79},"geometry":{"type":"MultiPolygon","coordinates":[[[[129.08203,35.15948],[129.08293,35.15824],[129.08226,35.1575],[129.08,35.15334],[129.07987,35.1527],[129.07781,35.15194],[129.0717,35.14906],[129.07134,35.14878],[129.06677,35.14778],[129.06333,35.14869],[129.06238,35.15061],[129.0623,35.15783],[129.06975,35.15769],[129.07307,35.15835],[129.07363,35.1586],[129.0759,35.16013],[129.07852,35.16242],[129.08089,35.15971],[129.08203,35.15948]]]]}},{"type":"Feature","properties":{"code":"2623066000","gu":"부산진구","dong":"부암3동","lat":35.17512,"lon":129.03373,"rep":0,"prio":80},"geometry":{"type":"MultiPolygon","coordinates":[[[[129.04479,35.17177],[129.04531,35.17002],[129.04422,35.16851],[129.04384,35.16757],[129.04251,35.16614],[129.04106,35.16605],[129.04062,35.16692],[129.0398,35.16752],[129.03769,35.1675],[129.03676,35.16813],[129.0355,35.16911],[129.03289,35.17222],[129.03107,35.17374],[129.02904,35.17256],[129.02814,35.17464],[129.02489,35.17684],[129.02273,35.17759],[129.0215,35.17832],[129.02252,35.17911],[129.02356,35.18074],[129.0238,35.18304],[129.02462,35.18267],[129.02724,35.18317],[129.02803,35.18317],[129.0287,35.183],[129.02909,35.18287],[129.03078,35.18141],[129.03117,35.18128],[129.03259,35.18146],[129.03373,35.18106],[129.0348,35.18044],[129.03576,35.17946],[129.03583,35.17922],[129.03567,35.17874],[129.03678,35.17702],[129.03952,35.17483],[129.04192,35.17318],[129.04383,35.17214],[129.04479,35.17177]]]]}},{"type":"Feature","properties":{"code":"2653059100","gu":"사상구","dong":"모라1동","lat":35.18806,"lon":128.98993,"rep":0,"prio":81},"geometry":{"type":"MultiPolygon","coordinates":[[[[129.00061,35.19166],[128.99947,35.19073],[128.99434,35.185],[128.99315,35.18322],[128.99297,35.18269],[128.9913,35.18136],[128.98799,35.18077],[128.98154,35.18206],[128.98357,35.19051],[128.98608,35.19302],[128.98755,35.19374],[128.98795,35.1959],[128.99112,35.19382],[128.99392,35.19526],[128.99496,35.19479],[128.99548,35.19386],[128.99821,35.1923],[129.00061,35.19166]]]]}},{"type":"Feature","properties":{"code":"2650080000","gu":"수영구","dong":"민락동","lat":35.15951,"lon":129.12591,"rep":0,"prio":82},"geometry":{"type":"MultiPolygon","coordinates":[[[[129.12658,35.16603],[129.13095,35.16329],[129.13245,35.16171],[129.13114,35.16113],[129.13335,35.15859],[129.1346,35.15744],[129.13521,35.15664],[129.13528,35.15566],[129.13437,35.15471],[129.1274,35.15245],[129.12453,35.15233],[129.12374,35.1545],[129.12233,35.15456],[129.12155,35.15446],[129.12033,35.15398],[129.11811,35.15497],[129.12096,35.15865],[129.11788,35.16745],[129.1202,35.16834],[129.12133,35.16769],[129.12326,35.16608],[129.1252,35.16551],[129.12658,35.16603]]]]}},{"type":"Feature","properties":{"code":"2632052000","gu":"북구","dong":"구포2동","lat":35.19931,"lon":128.99695,"rep":0,"prio":83},"geometry":{"type":"MultiPolygon","coordinates":[[[[129.0036,35.20217],[129.00413,35.20179],[129.00491,35.20063],[129.00518,35.19917],[129.00171,35.19281],[129.00061,35.19166],[128.99821,35.1923],[128.99548,35.19386],[128.99496,35.19479],[128.99392,35.19526],[128.99112,35.19382],[128.98795,35.1959],[128.98819,35.19724],[128.99178,35.20096],[128.98928,35.2025],[128.99434,35.20671],[128.99569,35.20559],[128.99633,35.20611],[129.00093,35.20622],[129.00132,35.20415],[129.00148,35.20388],[129.00182,35.20342],[129.00319,35.20216],[129.00334,35.20207],[129.0036,35.20217]]]]}},{"type":"Feature","properties":{"code":"2626057000","gu":"동래구","dong":"온천3동","lat":35.20611,"lon":129.064,"rep":0,"prio":84},"geometry":{"type":"MultiPolygon","coordinates":[[[[129.07885,35.20407],[129.0783,35.20253],[129.07641,35.20262],[129.07382,35.20202],[129.07183,35.20126],[129.06864,35.20045],[129.06717,35.20094],[129.06248,35.20307],[129.05965,35.20195],[129.0595,35.20238],[129.05884,35.20318],[129.0582,35.20366],[129.05715,35.20408],[129.05541,35.2055],[129.05098,35.20844],[129.05145,35.21136],[129.05401,35.21087],[129.05967,35.21114],[129.06083,35.21184],[129.06167,35.21172],[129.06296,35.21109],[129.06442,35.21014],[129.06446,35.2099],[129.06528,35.20935],[129.0685,35.20829],[129.07885,35.20407]]]]}},{"type":"Feature","properties":{"code":"2644054500","gu":"강서구","dong":"명지2동","lat":35.08421,"lon":128.90385,"rep":0,"prio":85},"geometry":{"type":"MultiPolygon","coordinates":[[[[128.89627,35.089],[128.91217,35.08937],[128.9123,35.08409],[128.91218,35.07946],[128.89532,35.07914],[128.89537,35.08682],[128.89627,35.089]]]]}},{"type":"Feature","properties":{"code":"2623078000","gu":"부산진구","dong":"범천2동","lat":35.14867,"lon":129.04931,"rep":0,"prio":86},"geometry":{"type":"MultiPolygon","coordinates":[[[[129.05059,35.15701],[129.04985,35.15526],[129.05262,35.15385],[129.05491,35.15173],[129.05701,35.15055],[129.05725,35.14885],[129.05727,35.14203],[129.05485,35.14191],[129.05206,35.14219],[129.05166,35.14236],[129.05085,35.14335],[129.04631,35.14561],[129.04522,35.146],[129.04162,35.14619],[129.04089,35.14606],[129.0394,35.14448],[129.03913,35.14397],[129.03906,35.14354],[129.03937,35.14258],[129.03893,35.14094],[129.03836,35.14017],[129.03739,35.13941],[129.03762,35.13973],[129.03845,35.14206],[129.03845,35.14259],[129.0383,35.14292],[129.03829,35.14452],[129.03872,35.1462],[129.03928,35.14724],[129.03986,35.14788],[129.04067,35.14839],[129.041,35.14958],[129.04241,35.15072],[129.04574,35.15301],[129.04613,35.15415],[129.04594,35.15666],[129.04941,35.15731],[129.05059,35.15701]]]]}},{"type":"Feature","properties":{"code":"2647073000","gu":"연제구","dong":"연산9동","lat":35.18404,"lon":129.10688,"rep":0,"prio":87},"geometry":{"type":"MultiPolygon","coordinates":[[[[129.10062,35.19144],[129.10237,35.19099],[129.10838,35.19041],[129.11052,35.18964],[129.11216,35.18715],[129.11241,35.18627],[129.11416,35.18404],[129.11516,35.18318],[129.11415,35.1807],[129.1123,35.17717],[129.1111,35.17594],[129.10957,35.17623],[129.10795,35.17723],[129.10718,35.17811],[129.10708,35.17966],[129.10435,35.18072],[129.10357,35.18087],[129.10039,35.18027],[129.09742,35.17952],[129.09731,35.17963],[129.0972,35.18005],[129.0973,35.1806],[129.09803,35.18194],[129.09937,35.18342],[129.10033,35.18416],[129.10265,35.18772],[129.10121,35.18769],[129.09941,35.19175],[129.10062,35.19144]]]]}},{"type":"Feature","properties":{"code":"2653061000","gu":"사상구","dong":"덕포2동","lat":35.17637,"lon":128.98897,"rep":0,"prio":88},"geometry":{"type":"MultiPolygon","coordinates":[[[[128.9913,35.18136],[128.99283,35.18032],[128.99501,35.18017],[128.99614,35.17982],[128.9968,35.17937],[128.99886,35.17746],[128.99858,35.17597],[128.99521,35.17185],[128.99439,35.17126],[128.9897,35.17092],[128.98796,35.17194],[128.9814,35.17252],[128.98027,35.17345],[128.98012,35.17554],[128.98165,35.18204],[128.98799,35.18077],[128.9913,35.18136]]]]}},{"type":"Feature","properties":{"code":"2635053000","gu":"해운대구","dong":"중1동","lat":35.16381,"lon":129.16956,"rep":0,"prio":89},"geometry":{"type":"MultiPolygon","coordinates":[[[[129.17463,35.16822],[129.17698,35.16651],[129.17559,35.16516],[129.17553,35.16484],[129.17574,35.16465],[129.17812,35.16375],[129.17773,35.16339],[129.17594,35.16237],[129.17587,35.16204],[129.17214,35.16148],[129.17165,35.16127],[129.17567,35.15766],[129.17773,35.15633],[129.17768,35.15492],[129.17339,35.15685],[129.17058,35.15852],[129.16981,35.15916],[129.16857,35.15942],[129.16534,35.15923],[129.16263,35.15894],[129.16063,35.15857],[129.1604,35.15931],[129.16074,35.16148],[129.16119,35.16293],[129.16199,35.16384],[129.16286,35.16606],[129.16283,35.16668],[129.1664,35.16708],[129.16964,35.17067],[129.17119,35.17079],[129.17169,35.17196],[129.17171,35.17259],[129.17121,35.17346],[129.17213,35.17288],[129.17288,35.17282],[129.17327,35.17241],[129.17436,35.16991],[129.17392,35.16909],[129.17406,35.16877],[129.17463,35.16822]]]]}},{"type":"Feature","properties":{"code":"2635055200","gu":"해운대구","dong":"좌2동","lat":35.16985,"lon":129.18446,"rep":0,"prio":90},"geometry":{"type":"MultiPolygon","coordinates":[[[[129.18969,35.1659],[129.18886,35.16607],[129.18821,35.16641],[129.188,35.16719],[129.18785,35.16738],[129.18669,35.16735],[129.1871,35.16699],[129.18749,35.16453],[129.18612,35.16402],[129.18433,35.16448],[129.18201,35.1645],[129.18082,35.16436],[129.18011,35.16358],[129.17897,35.16276],[129.17797,35.16237],[129.17587,35.16204],[129.17594,35.16237],[129.17773,35.16339],[129.17812,35.16375],[129.17574,35.16465],[129.17553,35.16484],[129.17559,35.16516],[129.17698,35.16651],[129.17463,35.16822],[129.17607,35.16932],[129.18184,35.17213],[129.18313,35.17293],[129.18356,35.17343],[129.18381,35.17435],[129.18375,35.17493],[129.1831,35.17606],[129.19091,35.17791],[129.19184,35.17604],[129.19201,35.17439],[129.19163,35.17366],[129.19188,35.17302],[129.19166,35.17213],[129.19099,35.17089],[129.19061,35.16912],[129.19087,35.16743],[129.18969,35.1659]]]]}},{"type":"Feature","properties":{"code":"2629064500","gu":"남구","dong":"우암동","lat":35.12606,"lon":129.07583,"rep":0,"prio":91},"geometry":{"type":"MultiPolygon","coordinates":[[[[129.07585,35.1299],[129.07752,35.12959],[129.0787,35.12955],[129.08119,35.13102],[129.08212,35.13088],[129.08215,35.13054],[129.08291,35.12895],[129.08458,35.12889],[129.08543,35.12861],[129.08582,35.12814],[129.08621,35.12655],[129.08545,35.12524],[129.08363,35.12412],[129.08175,35.12271],[129.08098,35.12186],[129.07905,35.12109],[129.0776,35.12081],[129.0762,35.12091],[129.07498,35.12171],[129.073,35.12217],[129.06998,35.12313],[129.06866,35.12168],[129.06534,35.12289],[129.06672,35.1255],[129.06666,35.12679],[129.06642,35.12759],[129.06771,35.12706],[129.06782,35.12711],[129.06856,35.12788],[129.0693,35.1293],[129.06968,35.13041],[129.07281,35.13204],[129.07308,35.13163],[129.07283,35.13133],[129.07585,35.1299]]]]}},{"type":"Feature","properties":{"code":"2650079000","gu":"수영구","dong":"광안4동","lat":35.15594,"lon":129.10535,"rep":0,"prio":92},"geometry":{"type":"MultiPolygon","coordinates":[[[[129.11354,35.15975],[129.11273,35.15597],[129.11119,35.15058],[129.10807,35.1499],[129.10377,35.15031],[129.10164,35.15069],[129.10015,35.15255],[129.09823,35.15534],[129.096,35.15987],[129.10046,35.16101],[129.10521,35.16105],[129.10814,35.16066],[129.10799,35.1598],[129.10857,35.1595],[129.11041,35.15924],[129.11059,35.16061],[129.11273,35.16065],[129.1137,35.16036],[129.11354,35.15975]]]]}},{"type":"Feature","properties":{"code":"2635066000","gu":"해운대구","dong":"재송2동","lat":35.19059,"lon":129.13184,"rep":0,"prio":93},"geometry":{"type":"MultiPolygon","coordinates":[[[[129.14577,35.19205],[129.14513,35.19114],[129.14398,35.18846],[129.14371,35.18818],[129.13834,35.18894],[129.13525,35.18769],[129.13287,35.18617],[129.13057,35.18521],[129.12991,35.18513],[129.12947,35.18527],[129.12934,35.1861],[129.12883,35.18726],[129.12945,35.18778],[129.12941,35.188],[129.12871,35.18863],[129.12649,35.18836],[129.12557,35.18731],[129.12124,35.18779],[129.12036,35.19165],[129.11929,35.19195],[129.12241,35.19374],[129.1235,35.19406],[129.12648,35.19447],[129.12753,35.19408],[129.1295,35.19389],[129.13054,35.19353],[129.13254,35.19369],[129.13334,35.19426],[129.13555,35.19411],[129.13625,35.19379],[129.14577,35.19205]]]]}},{"type":"Feature","properties":{"code":"2626075000","gu":"동래구","dong":"안락2동","lat":35.19426,"lon":129.10962,"rep":0,"prio":94},"geometry":{"type":"MultiPolygon","coordinates":[[[[129.11638,35.20109],[129.11587,35.20042],[129.11521,35.19891],[129.11455,35.19664],[129.11424,35.19419],[129.1142,35.19309],[129.11529,35.18966],[129.11552,35.18783],[129.11516,35.18318],[129.11416,35.18404],[129.11241,35.18627],[129.11216,35.18715],[129.11052,35.18964],[129.10838,35.19041],[129.10237,35.19099],[129.10062,35.19144],[129.10326,35.19674],[129.10422,35.19659],[129.10458,35.20072],[129.11303,35.20031],[129.11348,35.20084],[129.11378,35.20177],[129.11506,35.20177],[129.11638,35.20109]]]]}},{"type":"Feature","properties":{"code":"2629057000","gu":"남구","dong":"용호1동","lat":35.12574,"lon":129.10974,"rep":0,"prio":95},"geometry":{"type":"MultiPolygon","coordinates":[[[[129.11181,35.13548],[129.11476,35.13416],[129.11689,35.13286],[129.11521,35.13097],[129.11653,35.13021],[129.11583,35.12915],[129.11305,35.1262],[129.11251,35.12481],[129.11183,35.11879],[129.11106,35.11638],[129.10611,35.11676],[129.10277,35.11724],[129.1036,35.11782],[129.10536,35.12019],[129.10432,35.12236],[129.10422,35.12378],[129.10433,35.12492],[129.10493,35.12649],[129.10627,35.12714],[129.10601,35.12783],[129.10596,35.12918],[129.11134,35.13568],[129.11181,35.13548]]]]}},{"type":"Feature","properties":{"code":"2635054000","gu":"해운대구","dong":"중2동","lat":35.16086,"lon":129.18397,"rep":0,"prio":96},"geometry":{"type":"MultiPolygon","coordinates":[[[[129.18969,35.1659],[129.19041,35.16564],[129.19138,35.16491],[129.19289,35.1649],[129.19388,35.16506],[129.19607,35.16502],[129.1962,35.16427],[129.19412,35.16108],[129.19367,35.16065],[129.19229,35.15984],[129.19179,35.15982],[129.19112,35.16011],[129.18779,35.15972],[129.186,35.15896],[129.18501,35.15753],[129.18467,35.15676],[129.18394,35.15611],[129.18325,35.15562],[129.18119,35.15474],[129.1777,35.15489],[129.17773,35.15633],[129.17567,35.15766],[129.17165,35.16127],[129.17214,35.16148],[129.17797,35.16237],[129.17897,35.16276],[129.18011,35.16358],[129.18082,35.16436],[129.18201,35.1645],[129.18433,35.16448],[129.18612,35.16402],[129.18749,35.16453],[129.1871,35.16699],[129.18669,35.16735],[129.18785,35.16738],[129.188,35.16719],[129.18821,35.16641],[129.18886,35.16607],[129.18969,35.1659]]]]}},{"type":"Feature","properties":{"code":"2626054500","gu":"동래구","dong":"명륜동","lat":35.21092,"lon":129.08497,"rep":0,"prio":97},"geometry":{"type":"MultiPolygon","coordinates":[[[[129.09399,35.21496],[129.09359,35.21467],[129.09252,35.21313],[129.09301,35.21214],[129.09288,35.21075],[129.09239,35.21004],[129.09184,35.21008],[129.0907,35.21048],[129.08774,35.20954],[129.08594,35.20853],[129.08326,35.2054],[129.08359,35.20461],[129.08409,35.20438],[129.08365,35.20234],[129.0832,35.20204],[129.07845,35.20195],[129.0783,35.20253],[129.07885,35.20407],[129.07876,35.21183],[129.08003,35.21379],[129.08082,35.21362],[129.08494,35.21792],[129.08656,35.21705],[129.08789,35.21764],[129.08833,35.21768],[129.09239,35.2165],[129.09369,35.21553],[129.09399,35.21496]]]]}},{"type":"Feature","properties":{"code":"2632057300","gu":"북구","dong":"만덕3동","lat":35.20505,"lon":129.02693,"rep":0,"prio":98},"geometry":{"type":"MultiPolygon","coordinates":[[[[129.0312,35.21294],[129.03254,35.21256],[129.0329,35.21093],[129.03259,35.20945],[129.03181,35.20948],[129.03116,35.20704],[129.03078,35.20408],[129.0313,35.20143],[129.02968,35.20009],[129.0273,35.19651],[129.02702,35.19535],[129.0255,35.19341],[129.02514,35.19491],[129.02449,35.19632],[129.02322,35.19789],[129.02178,35.1994],[129.0215,35.20052],[129.02151,35.20128],[129.02173,35.20227],[129.0237,35.20447],[129.02399,35.20514],[129.02389,35.2062],[129.02317,35.20863],[129.02282,35.20881],[129.02262,35.20917],[129.02286,35.21102],[129.02351,35.21214],[129.02504,35.21336],[129.02727,35.21304],[129.0312,35.21294]]]]}},{"type":"Feature","properties":{"code":"2638052000","gu":"사하구","dong":"괴정2동","lat":35.10577,"lon":129.00307,"rep":0,"prio":99},"geometry":{"type":"MultiPolygon","coordinates":[[[[129.00371,35.11067],[129.00628,35.10947],[129.01016,35.1061],[129.01051,35.10559],[129.00969,35.10477],[129.00743,35.10183],[129.00675,35.09909],[129.00346,35.09697],[129.00024,35.09738],[129.00048,35.09967],[128.99956,35.10078],[128.99859,35.10469],[128.99817,35.10748],[128.99892,35.11345],[128.99969,35.11612],[129.00015,35.11838],[129.00116,35.11423],[129.00178,35.1143],[129.00309,35.11409],[129.0038,35.11325],[129.00374,35.11271],[129.00327,35.11181],[129.00371,35.11067]]]]}},{"type":"Feature","properties":{"code":"2653065000","gu":"사상구","dong":"주례1동","lat":35.15564,"lon":129.00022,"rep":0,"prio":100},"geometry":{"type":"MultiPolygon","coordinates":[[[[129.00604,35.1508],[128.99767,35.15002],[128.99174,35.14965],[128.9929,35.15428],[128.99503,35.15709],[128.99611,35.15742],[128.9977,35.15857],[128.99907,35.16044],[128.9997,35.16187],[129.00027,35.16211],[129.00163,35.16177],[129.00275,35.1613],[129.00304,35.16133],[129.00492,35.16309],[129.00586,35.16447],[129.0078,35.16376],[129.00797,35.16351],[129.00677,35.16126],[129.00581,35.15837],[129.00512,35.15566],[129.00544,35.15178],[129.00588,35.15088],[129.00604,35.1508]]]]}},{"type":"Feature","properties":{"code":"2632055000","gu":"북구","dong":"덕천1동","lat":35.21667,"lon":129.01753,"rep":0,"prio":101},"geometry":{"type":"MultiPolygon","coordinates":[[[[129.02216,35.22391],[129.02351,35.22231],[129.02365,35.22128],[129.02308,35.21644],[129.02336,35.21399],[129.02405,35.21349],[129.02504,35.21336],[129.02351,35.21214],[129.01765,35.21196],[129.01094,35.21027],[129.00961,35.21413],[129.0095,35.21479],[129.01194,35.21582],[129.01097,35.21789],[129.01214,35.21886],[129.01549,35.22083],[129.01966,35.22384],[129.02085,35.22405],[129.02148,35.22389],[129.02216,35.22391]]]]}},{"type":"Feature","properties":{"code":"2647061000","gu":"연제구","dong":"거제1동","lat":35.19381,"lon":129.07755,"rep":0,"prio":102},"geometry":{"type":"MultiPolygon","coordinates":[[[[129.08033,35.19927],[129.0831,35.19642],[129.08472,35.19521],[129.08637,35.19438],[129.08711,35.19416],[129.09073,35.19346],[129.08863,35.19178],[129.08548,35.19185],[129.08362,35.19218],[129.08019,35.1916],[129.07722,35.18773],[129.0754,35.18844],[129.07412,35.18859],[129.07369,35.18934],[129.06992,35.19185],[129.06715,35.19208],[129.06648,35.19416],[129.07123,35.19512],[129.07296,35.19668],[129.07426,35.19806],[129.07487,35.19828],[129.07791,35.1994],[129.08033,35.19927]]]]}},{"type":"Feature","properties":{"code":"2629055000","gu":"남구","dong":"대연5동","lat":35.14145,"lon":129.08963,"rep":0,"prio":103},"geometry":{"type":"MultiPolygon","coordinates":[[[[129.09642,35.13577],[129.09384,35.13528],[129.08798,35.13495],[129.08706,35.13577],[129.08684,35.13804],[129.08729,35.13804],[129.08726,35.13882],[129.08652,35.14034],[129.08621,35.14072],[129.08274,35.14125],[129.08231,35.14357],[129.08326,35.14473],[129.08364,35.14905],[129.08756,35.14838],[129.0912,35.14627],[129.09499,35.14203],[129.09606,35.14016],[129.09789,35.13637],[129.09642,35.13577]]]]}},{"type":"Feature","properties":{"code":"2638053000","gu":"사하구","dong":"괴정3동","lat":35.10528,"lon":128.99622,"rep":0,"prio":104},"geometry":{"type":"MultiPolygon","coordinates":[[[[129.00015,35.11838],[128.99969,35.11612],[128.99892,35.11345],[128.99817,35.10748],[128.99859,35.10469],[128.99956,35.10078],[129.00048,35.09967],[129.00024,35.09738],[128.99823,35.09575],[128.99379,35.09389],[128.99308,35.09324],[128.99345,35.09523],[128.99337,35.09959],[128.99247,35.10241],[128.99253,35.1027],[128.99276,35.10281],[128.99354,35.10547],[128.99297,35.1077],[128.99204,35.10942],[128.9916,35.10965],[128.99219,35.11077],[128.99297,35.1112],[128.99395,35.11254],[128.99475,35.11437],[128.99533,35.11507],[128.99808,35.1176],[128.99885,35.11815],[128.99938,35.11848],[128.9997,35.11853],[129.00015,35.11838]]]]}},{"type":"Feature","properties":{"code":"2614053000","gu":"서구","dong":"동대신3동","lat":35.12254,"lon":129.02145,"rep":0,"prio":105},"geometry":{"type":"MultiPolygon","coordinates":[[[[129.02512,35.13216],[129.02566,35.13077],[129.02603,35.12912],[129.02538,35.12196],[129.02459,35.11871],[129.02507,35.11791],[129.02613,35.11678],[129.02267,35.11699],[129.02124,35.11511],[129.02101,35.11422],[129.01656,35.11248],[129.0152,35.115],[129.01669,35.11563],[129.01706,35.11621],[129.0163,35.11773],[129.01775,35.12151],[129.01891,35.12644],[129.02043,35.1298],[129.02128,35.13097],[129.02232,35.13184],[129.02412,35.13402],[129.02512,35.13216]]]]}},{"type":"Feature","properties":{"code":"2617053000","gu":"동구","dong":"초량3동","lat":35.11999,"lon":129.04502,"rep":0,"prio":106},"geometry":{"type":"MultiPolygon","coordinates":[[[[129.05,35.12353],[129.04857,35.12049],[129.05024,35.11926],[129.05282,35.11761],[129.0528,35.1159],[129.04786,35.11903],[129.04671,35.11662],[129.05087,35.11404],[129.04983,35.11298],[129.04589,35.11541],[129.0451,35.11568],[129.04273,35.11072],[129.04002,35.11142],[129.04065,35.11286],[129.04108,35.11421],[129.03963,35.11513],[129.04127,35.11793],[129.0396,35.11985],[129.03829,35.12064],[129.03754,35.12429],[129.03829,35.12469],[129.03846,35.12463],[129.04047,35.12374],[129.04124,35.12315],[129.04125,35.12293],[129.04166,35.12246],[129.04274,35.12235],[129.04458,35.12598],[129.04733,35.12699],[129.04777,35.12691],[129.05132,35.13006],[129.05085,35.1269],[129.05,35.12353]]]]}},{"type":"Feature","properties":{"code":"2617055000","gu":"동구","dong":"초량6동","lat":35.12381,"lon":129.03056,"rep":0,"prio":107},"geometry":{"type":"MultiPolygon","coordinates":[[[[129.03536,35.12605],[129.03754,35.12429],[129.03829,35.12064],[129.03606,35.11976],[129.02999,35.1189],[129.02945,35.11871],[129.02841,35.11783],[129.02822,35.11734],[129.02782,35.11735],[129.02613,35.11678],[129.02507,35.11791],[129.0246,35.11877],[129.02538,35.12196],[129.02603,35.12912],[129.02566,35.13077],[129.02512,35.13216],[129.02618,35.13132],[129.03128,35.12945],[129.03391,35.12875],[129.03536,35.12605]]]]}},{"type":"Feature","properties":{"code":"2629060000","gu":"남구","dong":"용호4동","lat":35.10696,"lon":129.10716,"rep":0,"prio":108},"geometry":{"type":"MultiPolygon","coordinates":[[[[129.11106,35.11638],[129.11106,35.11131],[129.11205,35.1078],[129.11295,35.10299],[129.11053,35.1011],[129.10879,35.10233],[129.10568,35.10001],[129.10478,35.09896],[129.10423,35.09864],[129.10273,35.09836],[129.09953,35.09823],[129.09756,35.09932],[129.1029,35.10269],[129.10702,35.10942],[129.10704,35.11001],[129.10628,35.11358],[129.10586,35.11404],[129.10485,35.11404],[129.10412,35.11471],[129.10284,35.11678],[129.10277,35.11724],[129.10611,35.11676],[129.11106,35.11638]]]]}},{"type":"Feature","properties":{"code":"2650066000","gu":"수영구","dong":"남천1동","lat":35.14371,"lon":129.10935,"rep":0,"prio":109},"geometry":{"type":"MultiPolygon","coordinates":[[[[129.11346,35.14894],[129.11116,35.14583],[129.11082,35.14291],[129.11085,35.14221],[129.11165,35.13918],[129.11186,35.13899],[129.11238,35.1389],[129.11561,35.13955],[129.11417,35.13734],[129.11361,35.13756],[129.11371,35.13766],[129.11403,35.13753],[129.11446,35.13813],[129.11457,35.13839],[129.1143,35.13859],[129.11199,35.13638],[129.11842,35.13706],[129.11998,35.13766],[129.12075,35.13818],[129.13032,35.14799],[129.13075,35.14771],[129.12679,35.14353],[129.12098,35.13772],[129.11971,35.13694],[129.11844,35.13655],[129.11181,35.13548],[129.11134,35.13568],[129.10764,35.13817],[129.10488,35.14021],[129.10369,35.14127],[129.10232,35.1428],[129.10243,35.14322],[129.10341,35.14436],[129.10334,35.14576],[129.10256,35.1477],[129.10164,35.15069],[129.10377,35.15031],[129.10807,35.1499],[129.11119,35.15058],[129.11346,35.14894]]]]}},{"type":"Feature","properties":{"code":"2626051000","gu":"동래구","dong":"수민동","lat":35.19767,"lon":129.08899,"rep":0,"prio":110},"geometry":{"type":"MultiPolygon","coordinates":[[[[129.09241,35.19967],[129.09452,35.19889],[129.0955,35.19818],[129.0975,35.19612],[129.09897,35.19302],[129.09941,35.19175],[129.09499,35.19242],[129.09073,35.19346],[129.08711,35.19416],[129.08637,35.19438],[129.08472,35.19521],[129.0831,35.19642],[129.08033,35.19927],[129.07845,35.20195],[129.0832,35.20204],[129.08365,35.20234],[129.08379,35.20263],[129.08409,35.20438],[129.08552,35.20329],[129.08556,35.20358],[129.08639,35.20395],[129.08717,35.20396],[129.0884,35.20258],[129.08898,35.20139],[129.08899,35.20078],[129.09241,35.19967]]]]}},{"type":"Feature","properties":{"code":"2647070000","gu":"연제구","dong":"연산6동","lat":35.17218,"lon":129.08851,"rep":0,"prio":111},"geometry":{"type":"MultiPolygon","coordinates":[[[[129.09742,35.17952],[129.09648,35.17736],[129.09668,35.17511],[129.09646,35.17346],[129.08773,35.17447],[129.08684,35.17002],[129.0874,35.16745],[129.08833,35.16585],[129.08889,35.16442],[129.08842,35.16367],[129.08579,35.1607],[129.08497,35.16019],[129.08293,35.15824],[129.08203,35.15948],[129.08293,35.16214],[129.08422,35.1644],[129.08461,35.16564],[129.08464,35.16638],[129.08414,35.1677],[129.08354,35.16866],[129.08268,35.16965],[129.08461,35.17486],[129.08653,35.17461],[129.08443,35.17966],[129.08506,35.17984],[129.08834,35.17984],[129.09032,35.1795],[129.09345,35.17954],[129.096,35.18019],[129.09742,35.17952]]]]}},{"type":"Feature","properties":{"code":"2623061000","gu":"부산진구","dong":"전포2동","lat":35.16234,"lon":129.06991,"rep":0,"prio":112},"geometry":{"type":"MultiPolygon","coordinates":[[[[129.07885,35.16573],[129.07852,35.16242],[129.0759,35.16013],[129.07346,35.1585],[129.06975,35.15769],[129.0623,35.15783],[129.06223,35.16097],[129.06258,35.16222],[129.06652,35.16711],[129.06701,35.16787],[129.06748,35.16971],[129.06823,35.16904],[129.06962,35.16712],[129.0716,35.16525],[129.07406,35.16579],[129.07885,35.16573]]]]}},{"type":"Feature","properties":{"code":"2623051000","gu":"부산진구","dong":"부전1동","lat":35.16397,"lon":129.05935,"rep":0,"prio":113},"geometry":{"type":"MultiPolygon","coordinates":[[[[129.06264,35.17152],[129.06567,35.16985],[129.06701,35.16787],[129.06484,35.16493],[129.06258,35.16222],[129.06223,35.16097],[129.0623,35.15783],[129.0599,35.15844],[129.05838,35.15802],[129.05669,35.15782],[129.05265,35.15778],[129.05255,35.15845],[129.05267,35.15958],[129.05303,35.16036],[129.05363,35.16104],[129.05315,35.16659],[129.05349,35.16652],[129.05619,35.16682],[129.06164,35.16981],[129.06165,35.17157],[129.06264,35.17152]]]]}},{"type":"Feature","properties":{"code":"2623072000","gu":"부산진구","dong":"가야2동","lat":35.14606,"lon":129.02684,"rep":0,"prio":114},"geometry":{"type":"MultiPolygon","coordinates":[[[[129.02627,35.13512],[129.02412,35.13402],[129.02081,35.13685],[129.02203,35.13875],[129.02252,35.13987],[129.02242,35.14295],[129.02339,35.14744],[129.02324,35.14857],[129.02331,35.14892],[129.02665,35.15292],[129.02711,35.15298],[129.02759,35.1535],[129.02919,35.15541],[129.02903,35.15559],[129.03166,35.15602],[129.03244,35.15268],[129.03235,35.15131],[129.03252,35.15016],[129.0337,35.1476],[129.03373,35.14714],[129.03037,35.14744],[129.02743,35.14376],[129.02591,35.14014],[129.02562,35.13891],[129.02627,35.13512]]]]}},{"type":"Feature","properties":{"code":"2653066100","gu":"사상구","dong":"주례3동","lat":35.14524,"lon":129.00132,"rep":0,"prio":115},"geometry":{"type":"MultiPolygon","coordinates":[[[[129.00658,35.13939],[129.00474,35.13944],[129.00311,35.14051],[129.00269,35.1406],[128.99837,35.14077],[128.99638,35.14049],[128.9953,35.14059],[128.99404,35.14472],[128.99408,35.14615],[128.99746,35.14798],[128.99767,35.15002],[129.00604,35.1508],[129.00732,35.14961],[129.00756,35.14896],[129.00791,35.14588],[129.00677,35.1457],[129.00635,35.14448],[129.00625,35.14279],[129.00658,35.13939]]]]}},{"type":"Feature","properties":{"code":"2641058000","gu":"금정구","dong":"부곡2동","lat":35.23068,"lon":129.09582,"rep":0,"prio":116},"geometry":{"type":"MultiPolygon","coordinates":[[[[129.10171,35.23049],[129.10113,35.22838],[129.10014,35.22708],[129.09701,35.22563],[129.09579,35.22547],[129.09177,35.22577],[129.08916,35.22651],[129.08964,35.23495],[129.09184,35.23493],[129.09588,35.23461],[129.09784,35.23433],[129.09915,35.23464],[129.0999,35.23548],[129.10124,35.23628],[129.10249,35.23563],[129.10276,35.23537],[129.10315,35.23429],[129.10351,35.23407],[129.10371,35.23374],[129.10253,35.23098],[129.10171,35.23049]]]]}},{"type":"Feature","properties":{"code":"2632051000","gu":"북구","dong":"구포1동","lat":35.20622,"lon":129.00514,"rep":0,"prio":117},"geometry":{"type":"MultiPolygon","coordinates":[[[[129.0139,35.20535],[129.01482,35.20428],[129.01756,35.20172],[129.01825,35.20086],[129.01832,35.20001],[129.01708,35.20042],[129.01384,35.20095],[129.01307,35.20084],[129.01107,35.20151],[129.00992,35.20264],[129.00864,35.20427],[129.00637,35.20376],[129.00537,35.2027],[129.00334,35.20207],[129.00182,35.20342],[129.00132,35.20415],[129.00093,35.20622],[128.99633,35.20611],[128.99569,35.20559],[128.99434,35.20671],[128.99581,35.20794],[128.99616,35.21306],[129.00109,35.21061],[129.00245,35.21015],[129.0041,35.20981],[129.00486,35.20998],[129.00733,35.20938],[129.01055,35.20637],[129.01041,35.20583],[129.01139,35.20508],[129.01229,35.20487],[129.0139,35.20535]]]]}},{"type":"Feature","properties":{"code":"2638051000","gu":"사하구","dong":"괴정1동","lat":35.09904,"lon":128.98958,"rep":0,"prio":118},"geometry":{"type":"MultiPolygon","coordinates":[[[[128.99308,35.09324],[128.99059,35.09119],[128.98878,35.09183],[128.98356,35.09188],[128.9824,35.09431],[128.98455,35.09461],[128.98511,35.09509],[128.98595,35.09652],[128.98677,35.09895],[128.98769,35.10395],[128.98778,35.10483],[128.9874,35.10548],[128.98776,35.10639],[128.9916,35.10965],[128.99204,35.10942],[128.99297,35.1077],[128.99354,35.10547],[128.99276,35.10281],[128.99253,35.1027],[128.99247,35.10241],[128.99337,35.09959],[128.99345,35.09523],[128.99308,35.09324]]]]}},{"type":"Feature","properties":{"code":"2623056000","gu":"부산진구","dong":"양정1동","lat":35.17254,"lon":129.06657,"rep":0,"prio":119},"geometry":{"type":"MultiPolygon","coordinates":[[[[129.06734,35.1769],[129.06778,35.17657],[129.06757,35.17479],[129.07279,35.17136],[129.07387,35.17167],[129.07433,35.17091],[129.07462,35.17012],[129.07441,35.16835],[129.07462,35.16776],[129.07631,35.16653],[129.07708,35.16633],[129.07856,35.16635],[129.07929,35.16667],[129.07885,35.16573],[129.07406,35.16579],[129.0716,35.16525],[129.06962,35.16712],[129.06778,35.16952],[129.06748,35.16971],[129.06701,35.16787],[129.06567,35.16985],[129.06264,35.17152],[129.0576,35.17523],[129.05745,35.17564],[129.05754,35.17733],[129.05851,35.17847],[129.06028,35.18],[129.06094,35.1802],[129.06166,35.18025],[129.06203,35.18004],[129.06273,35.1787],[129.06286,35.17765],[129.06306,35.17744],[129.0638,35.17726],[129.06734,35.1769]]]]}},{"type":"Feature","properties":{"code":"2629068000","gu":"남구","dong":"문현1동","lat":35.14642,"lon":129.07669,"rep":0,"prio":120},"geometry":{"type":"MultiPolygon","coordinates":[[[[129.08364,35.14905],[129.08326,35.14473],[129.08231,35.14357],[129.07755,35.14092],[129.07627,35.14316],[129.07628,35.14334],[129.0756,35.1434],[129.07208,35.14239],[129.06874,35.1407],[129.06705,35.13999],[129.06801,35.14205],[129.07083,35.14581],[129.071,35.14767],[129.07134,35.14878],[129.0717,35.14906],[129.07781,35.15194],[129.07987,35.1527],[129.08364,35.14905]]]]}},{"type":"Feature","properties":{"code":"2623054000","gu":"부산진구","dong":"연지동","lat":35.17159,"lon":129.05362,"rep":0,"prio":121},"geometry":{"type":"MultiPolygon","coordinates":[[[[129.0575,35.17608],[129.05745,35.17564],[129.0576,35.17523],[129.06264,35.17152],[129.06165,35.17157],[129.06164,35.16981],[129.05619,35.16682],[129.05349,35.16652],[129.05315,35.16659],[129.05221,35.16937],[129.052,35.16959],[129.05165,35.16965],[129.05051,35.1685],[129.04763,35.16834],[129.04654,35.16877],[129.04531,35.17002],[129.04479,35.17177],[129.04523,35.17227],[129.04664,35.17344],[129.04795,35.17418],[129.04841,35.17431],[129.05289,35.17691],[129.05344,35.17605],[129.0575,35.17608]]]]}},{"type":"Feature","properties":{"code":"2617065000","gu":"동구","dong":"범일1동","lat":35.14122,"lon":129.04798,"rep":0,"prio":122},"geometry":{"type":"MultiPolygon","coordinates":[[[[129.05727,35.14203],[129.05703,35.136],[129.05178,35.13708],[129.05093,35.13662],[129.0498,35.13649],[129.04871,35.13827],[129.04768,35.13862],[129.04699,35.13872],[129.04383,35.14014],[129.03739,35.13941],[129.03836,35.14017],[129.03893,35.14094],[129.03937,35.14258],[129.03906,35.14354],[129.03913,35.14397],[129.0394,35.14448],[129.04089,35.14606],[129.04162,35.14619],[129.04522,35.146],[129.04631,35.14561],[129.05085,35.14335],[129.05166,35.14236],[129.05206,35.14219],[129.05485,35.14191],[129.05727,35.14203]]]]}},{"type":"Feature","properties":{"code":"2647066000","gu":"연제구","dong":"연산2동","lat":35.17245,"lon":129.08128,"rep":0,"prio":123},"geometry":{"type":"MultiPolygon","coordinates":[[[[129.08384,35.18101],[129.08653,35.17461],[129.08461,35.17486],[129.08272,35.16979],[129.08268,35.16965],[129.08294,35.16924],[129.08354,35.16866],[129.08414,35.1677],[129.08464,35.16638],[129.08461,35.16564],[129.08422,35.1644],[129.08293,35.16214],[129.08203,35.15948],[129.08089,35.15971],[129.07852,35.16242],[129.07885,35.16573],[129.07929,35.16667],[129.08081,35.16774],[129.08142,35.16926],[129.08199,35.17125],[129.08192,35.17174],[129.07796,35.1754],[129.07503,35.17759],[129.07833,35.1818],[129.07916,35.1814],[129.08384,35.18101]]]]}},{"type":"Feature","properties":{"code":"2650076000","gu":"수영구","dong":"광안1동","lat":35.16254,"lon":129.10991,"rep":0,"prio":124},"geometry":{"type":"MultiPolygon","coordinates":[[[[129.11876,35.16485],[129.12096,35.15865],[129.11354,35.15975],[129.1137,35.16036],[129.11258,35.16066],[129.11059,35.16061],[129.11041,35.15924],[129.10857,35.1595],[129.10799,35.1598],[129.10814,35.16066],[129.10521,35.16105],[129.10046,35.16101],[129.096,35.15987],[129.09554,35.16033],[129.09482,35.16174],[129.09519,35.16213],[129.09658,35.163],[129.09945,35.16226],[129.10146,35.16247],[129.10208,35.16264],[129.10259,35.1629],[129.10331,35.16369],[129.10403,35.16563],[129.10396,35.16595],[129.10827,35.16571],[129.10859,35.16579],[129.10895,35.16659],[129.11,35.16636],[129.11123,35.16573],[129.1126,35.16645],[129.11455,35.16522],[129.11816,35.1647],[129.11876,35.16485]]]]}},{"type":"Feature","properties":{"code":"2620058500","gu":"영도구","dong":"신선동","lat":35.08487,"lon":129.04888,"rep":0,"prio":125},"geometry":{"type":"MultiPolygon","coordinates":[[[[129.05349,35.08699],[129.05383,35.08655],[129.05526,35.08218],[129.05361,35.07981],[129.0529,35.07904],[129.05164,35.07856],[129.051,35.07943],[129.04999,35.07979],[129.04615,35.08014],[129.04522,35.07976],[129.04256,35.08536],[129.04317,35.08649],[129.04349,35.08639],[129.04391,35.0869],[129.04553,35.08944],[129.04542,35.09153],[129.04629,35.09301],[129.04652,35.09259],[129.05235,35.08819],[129.05349,35.08699]]]]}},{"type":"Feature","properties":{"code":"2635059500","gu":"해운대구","dong":"반여4동","lat":35.20814,"lon":129.11561,"rep":0,"prio":126},"geometry":{"type":"MultiPolygon","coordinates":[[[[129.11638,35.20109],[129.11506,35.20177],[129.11378,35.20177],[129.11138,35.20387],[129.11016,35.20706],[129.10992,35.20993],[129.11032,35.21098],[129.11194,35.21221],[129.11345,35.21294],[129.11654,35.21392],[129.11835,35.21359],[129.11891,35.21364],[129.11908,35.21459],[129.11977,35.21481],[129.12119,35.21008],[129.12098,35.20856],[129.12016,35.20631],[129.11938,35.20497],[129.11638,35.20109]]]]}},{"type":"Feature","properties":{"code":"2647067000","gu":"연제구","dong":"연산3동","lat":35.16765,"lon":129.09102,"rep":0,"prio":127},"geometry":{"type":"MultiPolygon","coordinates":[[[[129.09646,35.17346],[129.09699,35.17331],[129.09713,35.17163],[129.09473,35.16811],[129.09394,35.16733],[129.09232,35.16617],[129.09394,35.1626],[129.09482,35.16174],[129.09437,35.16114],[129.09371,35.16065],[129.09277,35.16032],[129.09105,35.16035],[129.08939,35.16081],[129.08802,35.16047],[129.08293,35.15824],[129.08497,35.16019],[129.08579,35.1607],[129.08842,35.16367],[129.08889,35.16442],[129.08833,35.16585],[129.0874,35.16745],[129.08684,35.17002],[129.08773,35.17447],[129.09646,35.17346]]]]}},{"type":"Feature","properties":{"code":"2641053000","gu":"금정구","dong":"서3동","lat":35.22071,"lon":129.10485,"rep":0,"prio":128},"geometry":{"type":"MultiPolygon","coordinates":[[[[129.10672,35.2279],[129.1073,35.22755],[129.10762,35.22717],[129.10777,35.22663],[129.1054,35.22428],[129.10561,35.22397],[129.10667,35.22308],[129.10743,35.22285],[129.10871,35.22209],[129.11067,35.21902],[129.10965,35.21726],[129.10842,35.21411],[129.10197,35.21525],[129.09966,35.21616],[129.10024,35.21715],[129.10187,35.21924],[129.10145,35.21962],[129.10053,35.21921],[129.09945,35.2222],[129.10076,35.22308],[129.10255,35.22638],[129.10358,35.22978],[129.10672,35.2279]]]]}},{"type":"Feature","properties":{"code":"2629054000","gu":"남구","dong":"대연4동","lat":35.12764,"lon":129.09112,"rep":0,"prio":129},"geometry":{"type":"MultiPolygon","coordinates":[[[[129.0972,35.1301],[129.1007,35.12818],[129.09985,35.12701],[129.09872,35.12491],[129.09475,35.12518],[129.0921,35.12414],[129.09137,35.12309],[129.09149,35.12281],[129.09128,35.12207],[129.09068,35.12103],[129.09035,35.12085],[129.08733,35.12488],[129.08545,35.12524],[129.08621,35.12655],[129.08586,35.12805],[129.08558,35.12846],[129.08458,35.12889],[129.08291,35.12895],[129.08215,35.13054],[129.08212,35.13088],[129.08793,35.13316],[129.08814,35.13309],[129.08837,35.13155],[129.08928,35.13019],[129.0972,35.1301]]]]}},{"type":"Feature","properties":{"code":"2632056100","gu":"북구","dong":"덕천3동","lat":35.20678,"lon":129.01871,"rep":0,"prio":130},"geometry":{"type":"MultiPolygon","coordinates":[[[[129.02178,35.1994],[129.01832,35.20001],[129.01825,35.20086],[129.01756,35.20172],[129.01482,35.20428],[129.0139,35.20535],[129.0143,35.20562],[129.01466,35.20782],[129.01397,35.20927],[129.01153,35.20865],[129.01094,35.21027],[129.01765,35.21196],[129.02351,35.21214],[129.02286,35.21102],[129.02262,35.20917],[129.02282,35.20881],[129.02317,35.20863],[129.02389,35.2062],[129.02399,35.20514],[129.0237,35.20447],[129.02173,35.20227],[129.02151,35.20128],[129.0215,35.20052],[129.02178,35.1994]]]]}},{"type":"Feature","properties":{"code":"2635052500","gu":"해운대구","dong":"우3동","lat":35.15893,"lon":129.14372,"rep":0,"prio":131},"geometry":{"type":"MultiPolygon","coordinates":[[[[129.15279,35.15735],[129.14883,35.15662],[129.14839,35.15642],[129.14767,35.15576],[129.14741,35.15401],[129.14726,35.15369],[129.14709,35.15347],[129.14637,35.15337],[129.1423,35.15445],[129.14141,35.15506],[129.14091,35.15634],[129.14045,35.15707],[129.13574,35.16123],[129.13408,35.16217],[129.13555,35.1628],[129.13693,35.16319],[129.13788,35.1632],[129.13917,35.1628],[129.14048,35.16199],[129.14279,35.16371],[129.14319,35.16371],[129.15132,35.15897],[129.15279,35.15735]]]]}},{"type":"Feature","properties":{"code":"2638063000","gu":"사하구","dong":"감천2동","lat":35.09375,"lon":129.00877,"rep":0,"prio":132},"geometry":{"type":"MultiPolygon","coordinates":[[[[129.01284,35.09541],[129.01415,35.09366],[129.0143,35.09319],[129.01442,35.09149],[129.01402,35.08919],[129.01317,35.08809],[129.00666,35.08974],[129.00452,35.09099],[129.00265,35.09339],[129.00247,35.09387],[129.00312,35.09473],[129.00346,35.09697],[129.00675,35.09909],[129.01014,35.09937],[129.01173,35.0972],[129.01284,35.09541]]]]}},{"type":"Feature","properties":{"code":"2623057000","gu":"부산진구","dong":"양정2동","lat":35.17258,"lon":129.07558,"rep":0,"prio":133},"geometry":{"type":"MultiPolygon","coordinates":[[[[129.07503,35.17759],[129.07796,35.1754],[129.08192,35.17174],[129.08199,35.17125],[129.08142,35.16926],[129.08081,35.16774],[129.07999,35.16706],[129.07856,35.16635],[129.07708,35.16633],[129.07631,35.16653],[129.07462,35.16776],[129.07441,35.16835],[129.07462,35.17012],[129.07433,35.17091],[129.07382,35.17173],[129.07279,35.17136],[129.06757,35.17479],[129.06778,35.17657],[129.07027,35.17583],[129.07194,35.17794],[129.07191,35.17959],[129.07503,35.17759]]]]}},{"type":"Feature","properties":{"code":"2620067000","gu":"영도구","dong":"동삼3동","lat":35.08406,"lon":129.06831,"rep":0,"prio":134},"geometry":{"type":"MultiPolygon","coordinates":[[[[129.07774,35.08364],[129.0767,35.08317],[129.07595,35.08431],[129.07574,35.08444],[129.07394,35.08446],[129.07343,35.08468],[129.07293,35.08467],[129.06487,35.08016],[129.06325,35.08082],[129.06181,35.08063],[129.06176,35.07966],[129.06256,35.07744],[129.05938,35.0775],[129.05871,35.07847],[129.05717,35.08147],[129.06306,35.08335],[129.0654,35.08437],[129.06718,35.0856],[129.06709,35.0873],[129.06925,35.08803],[129.07041,35.08816],[129.07063,35.08804],[129.07185,35.08873],[129.07397,35.0905],[129.07903,35.0849],[129.07774,35.08364]]]]}},{"type":"Feature","properties":{"code":"2623070000","gu":"부산진구","dong":"당감4동","lat":35.17068,"lon":129.02996,"rep":0,"prio":135},"geometry":{"type":"MultiPolygon","coordinates":[[[[129.03871,35.16747],[129.03952,35.16399],[129.0364,35.16457],[129.03467,35.16506],[129.03267,35.16586],[129.02444,35.17129],[129.02185,35.17394],[129.02153,35.17682],[129.0215,35.17832],[129.02273,35.17759],[129.02489,35.17684],[129.02814,35.17464],[129.02904,35.17256],[129.03107,35.17374],[129.03289,35.17222],[129.0355,35.16911],[129.03769,35.1675],[129.03871,35.16747]]]]}},{"type":"Feature","properties":{"code":"2617057000","gu":"동구","dong":"수정2동","lat":35.1321,"lon":129.03929,"rep":0,"prio":136},"geometry":{"type":"MultiPolygon","coordinates":[[[[129.03469,35.13728],[129.04029,35.1331],[129.04461,35.13074],[129.04619,35.13215],[129.04698,35.13145],[129.04955,35.13076],[129.05132,35.13006],[129.04777,35.12691],[129.04733,35.12699],[129.04458,35.12598],[129.04538,35.12768],[129.04513,35.12784],[129.0387,35.1293],[129.03399,35.13232],[129.03304,35.13313],[129.03123,35.13411],[129.02702,35.13535],[129.02802,35.13651],[129.02863,35.13673],[129.03178,35.13751],[129.03313,35.13706],[129.03469,35.13728]]]]}},{"type":"Feature","properties":{"code":"2623075000","gu":"부산진구","dong":"개금2동","lat":35.14211,"lon":129.0186,"rep":0,"prio":137},"geometry":{"type":"MultiPolygon","coordinates":[[[[129.02339,35.14744],[129.02242,35.14295],[129.02252,35.13987],[129.02203,35.13875],[129.02081,35.13685],[129.01837,35.13605],[129.01709,35.13602],[129.0128,35.1374],[129.01132,35.13819],[129.01229,35.1383],[129.0131,35.13872],[129.01425,35.13987],[129.01615,35.14224],[129.01623,35.14337],[129.01578,35.14382],[129.01568,35.14693],[129.01619,35.14825],[129.02072,35.14843],[129.02339,35.14744]]]]}},{"type":"Feature","properties":{"code":"2617066000","gu":"동구","dong":"범일2동","lat":35.13604,"lon":129.06167,"rep":0,"prio":138},"geometry":{"type":"MultiPolygon","coordinates":[[[[129.06448,35.14139],[129.06609,35.13698],[129.06533,35.12991],[129.06008,35.12959],[129.05949,35.13424],[129.05641,35.13426],[129.05703,35.136],[129.05727,35.14203],[129.05893,35.14149],[129.06448,35.14139]]]]}},{"type":"Feature","properties":{"code":"2626076200","gu":"동래구","dong":"명장2동","lat":35.20934,"lon":129.09829,"rep":0,"prio":139},"geometry":{"type":"MultiPolygon","coordinates":[[[[129.09754,35.21408],[129.10187,35.21255],[129.10252,35.2122],[129.10233,35.21135],[129.10437,35.21049],[129.10507,35.21036],[129.1038,35.20974],[129.10357,35.20939],[129.10337,35.20712],[129.10087,35.20377],[129.09953,35.20266],[129.09779,35.20403],[129.09545,35.2047],[129.09561,35.2048],[129.0959,35.20571],[129.09581,35.20651],[129.09378,35.20942],[129.09239,35.21004],[129.09288,35.21075],[129.09301,35.21214],[129.09252,35.21313],[129.09359,35.21467],[129.09436,35.21543],[129.09563,35.21454],[129.09754,35.21408]]]]}},{"type":"Feature","properties":{"code":"2626076100","gu":"동래구","dong":"명장1동","lat":35.20457,"lon":129.10672,"rep":0,"prio":140},"geometry":{"type":"MultiPolygon","coordinates":[[[[129.11004,35.21011],[129.10987,35.20967],[129.11016,35.20706],[129.11138,35.20387],[129.11378,35.20177],[129.11348,35.20084],[129.11316,35.20039],[129.11292,35.20031],[129.10445,35.20071],[129.10006,35.2015],[129.09953,35.20266],[129.10087,35.20377],[129.10337,35.20712],[129.10357,35.20939],[129.1038,35.20974],[129.10507,35.21036],[129.10636,35.20959],[129.10864,35.21019],[129.11004,35.21011]]]]}},{"type":"Feature","properties":{"code":"2638054000","gu":"사하구","dong":"괴정4동","lat":35.10028,"lon":128.9835,"rep":0,"prio":141},"geometry":{"type":"MultiPolygon","coordinates":[[[[128.99219,35.11077],[128.9916,35.10965],[128.98776,35.10639],[128.9874,35.10548],[128.98778,35.10483],[128.98769,35.10395],[128.98677,35.09895],[128.98595,35.09652],[128.98492,35.09486],[128.9845,35.0946],[128.982,35.0942],[128.98092,35.09422],[128.98049,35.09434],[128.97896,35.09543],[128.97784,35.09604],[128.97628,35.0966],[128.975,35.09653],[128.97666,35.09745],[128.97804,35.09937],[128.98155,35.10213],[128.98303,35.10293],[128.98355,35.10364],[128.9855,35.10717],[128.98811,35.10777],[128.98858,35.10807],[128.99069,35.11066],[128.99219,35.11077]]]]}},{"type":"Feature","properties":{"code":"2623068000","gu":"부산진구","dong":"당감2동","lat":35.1591,"lon":129.04207,"rep":0,"prio":142},"geometry":{"type":"MultiPolygon","coordinates":[[[[129.04941,35.15731],[129.04594,35.15666],[129.04406,35.15743],[129.0423,35.15626],[129.04067,35.15585],[129.03869,35.15599],[129.03771,35.15692],[129.02949,35.15568],[129.03095,35.15667],[129.0336,35.15754],[129.03394,35.15735],[129.03354,35.15954],[129.04005,35.1616],[129.04496,35.1628],[129.04865,35.16233],[129.04927,35.16204],[129.04948,35.16179],[129.04995,35.16076],[129.05061,35.1579],[129.05036,35.15762],[129.04941,35.15731]]]]}},{"type":"Feature","properties":{"code":"2629051000","gu":"남구","dong":"대연1동","lat":35.13267,"lon":129.0887,"rep":0,"prio":143},"geometry":{"type":"MultiPolygon","coordinates":[[[[129.0972,35.1301],[129.08928,35.13019],[129.08837,35.13155],[129.08814,35.13309],[129.08793,35.13316],[129.08212,35.13088],[129.08119,35.13102],[129.0787,35.12955],[129.07752,35.12959],[129.07585,35.1299],[129.07895,35.13369],[129.08128,35.13447],[129.08387,35.13478],[129.09384,35.13528],[129.09642,35.13577],[129.09671,35.13545],[129.09715,35.13536],[129.09767,35.13492],[129.09821,35.13417],[129.09815,35.1301],[129.0972,35.1301]]]]}},{"type":"Feature","properties":{"code":"2650075000","gu":"수영구","dong":"망미2동","lat":35.17745,"lon":129.11518,"rep":0,"prio":144},"geometry":{"type":"MultiPolygon","coordinates":[[[[129.12106,35.17465],[129.1225,35.17302],[129.11698,35.17324],[129.11093,35.17438],[129.10954,35.17161],[129.10924,35.1716],[129.10756,35.17492],[129.10718,35.17811],[129.10795,35.17723],[129.10957,35.17623],[129.1111,35.17594],[129.1123,35.17717],[129.11415,35.1807],[129.11516,35.18318],[129.11552,35.18783],[129.11845,35.18178],[129.11926,35.1785],[129.11926,35.17675],[129.12106,35.17465]]]]}},{"type":"Feature","properties":{"code":"2626052000","gu":"동래구","dong":"복산동","lat":35.20556,"lon":129.09025,"rep":0,"prio":145},"geometry":{"type":"MultiPolygon","coordinates":[[[[129.09239,35.21004],[129.09378,35.20942],[129.09581,35.20651],[129.09594,35.20592],[129.09561,35.2048],[129.09545,35.2047],[129.09241,35.19967],[129.08899,35.20078],[129.08898,35.20139],[129.0884,35.20258],[129.08717,35.20396],[129.08639,35.20395],[129.08556,35.20358],[129.08552,35.20329],[129.08409,35.20438],[129.08359,35.20461],[129.08324,35.20532],[129.08594,35.20853],[129.08774,35.20954],[129.0907,35.21048],[129.09184,35.21008],[129.09239,35.21004]]]]}},{"type":"Feature","properties":{"code":"2620055000","gu":"영도구","dong":"영선2동","lat":35.07962,"lon":129.04715,"rep":0,"prio":146},"geometry":{"type":"MultiPolygon","coordinates":[[[[129.04317,35.08649],[129.04256,35.08536],[129.04522,35.07976],[129.04615,35.08014],[129.04999,35.07979],[129.051,35.07943],[129.05164,35.07856],[129.0529,35.07904],[129.05361,35.07981],[129.05526,35.08218],[129.05589,35.08163],[129.0557,35.07988],[129.05531,35.07861],[129.05242,35.07351],[129.05176,35.07284],[129.04869,35.07493],[129.04177,35.08051],[129.04085,35.08101],[129.04039,35.08071],[129.03989,35.08073],[129.03854,35.08188],[129.04023,35.0833],[129.03979,35.0837],[129.03867,35.08413],[129.03863,35.08434],[129.04037,35.08748],[129.04317,35.08649]]]]}},{"type":"Feature","properties":{"code":"2626074000","gu":"동래구","dong":"안락1동","lat":35.19878,"lon":129.09897,"rep":0,"prio":147},"geometry":{"type":"MultiPolygon","coordinates":[[[[129.09953,35.20266],[129.10006,35.2015],[129.10458,35.20072],[129.10422,35.19659],[129.10326,35.19674],[129.10062,35.19144],[129.09941,35.19175],[129.09849,35.19412],[129.0975,35.19612],[129.0955,35.19818],[129.09452,35.19889],[129.09241,35.19967],[129.09545,35.2047],[129.09779,35.20403],[129.09953,35.20266]]]]}},{"type":"Feature","properties":{"code":"2635058000","gu":"해운대구","dong":"반여2동","lat":35.19549,"lon":129.13504,"rep":0,"prio":148},"geometry":{"type":"MultiPolygon","coordinates":[[[[129.14577,35.19205],[129.13625,35.19379],[129.13555,35.19411],[129.13334,35.19426],[129.13254,35.19369],[129.13054,35.19353],[129.1295,35.19389],[129.12753,35.19408],[129.12648,35.19447],[129.1235,35.19406],[129.12241,35.19374],[129.1233,35.19453],[129.12637,35.19588],[129.12766,35.19672],[129.12813,35.19896],[129.134,35.1983],[129.14133,35.19649],[129.1437,35.19569],[129.14522,35.19475],[129.14577,35.19205]]]]}},{"type":"Feature","properties":{"code":"2620063000","gu":"영도구","dong":"청학1동","lat":35.09577,"lon":129.05664,"rep":0,"prio":149},"geometry":{"type":"MultiPolygon","coordinates":[[[[129.06241,35.0988],[129.06218,35.09884],[129.06109,35.09736],[129.06036,35.09539],[129.05954,35.09237],[129.05522,35.08744],[129.05383,35.08655],[129.05349,35.08699],[129.05416,35.08955],[129.05539,35.0907],[129.05565,35.09116],[129.05605,35.09291],[129.05507,35.09379],[129.0532,35.09476],[129.05209,35.09785],[129.05128,35.09949],[129.05143,35.09976],[129.05521,35.10087],[129.05794,35.10124],[129.05887,35.10055],[129.06241,35.0988]]]]}},{"type":"Feature","properties":{"code":"2620053000","gu":"영도구","dong":"남항동","lat":35.08919,"lon":129.03695,"rep":0,"prio":150},"geometry":{"type":"MultiPolygon","coordinates":[[[[129.0385,35.09362],[129.04284,35.09213],[129.03863,35.08434],[129.03867,35.08413],[129.03979,35.0837],[129.04023,35.0833],[129.03854,35.08188],[129.03471,35.08512],[129.03131,35.09254],[129.03131,35.09326],[129.03161,35.09404],[129.03313,35.09437],[129.03357,35.094],[129.03313,35.09385],[129.03334,35.09334],[129.0371,35.09187],[129.03741,35.09238],[129.03671,35.09264],[129.03606,35.09452],[129.03692,35.09472],[129.0382,35.09359],[129.0385,35.09362]]]]}},{"type":"Feature","properties":{"code":"2650073000","gu":"수영구","dong":"수영동","lat":35.17041,"lon":129.1177,"rep":0,"prio":151},"geometry":{"type":"MultiPolygon","coordinates":[[[[129.1225,35.17302],[129.12317,35.17105],[129.12436,35.16906],[129.12658,35.16603],[129.1254,35.16552],[129.12489,35.16552],[129.12326,35.16608],[129.12133,35.16769],[129.1202,35.16834],[129.11885,35.16852],[129.11597,35.16762],[129.1148,35.16771],[129.11436,35.1679],[129.10957,35.17115],[129.10954,35.17161],[129.11093,35.17438],[129.11698,35.17324],[129.1225,35.17302]]]]}},{"type":"Feature","properties":{"code":"2647068000","gu":"연제구","dong":"연산4동","lat":35.18425,"lon":129.08652,"rep":0,"prio":152},"geometry":{"type":"MultiPolygon","coordinates":[[[[129.093,35.18269],[129.096,35.18019],[129.09345,35.17954],[129.09032,35.1795],[129.08834,35.17984],[129.08506,35.17984],[129.08443,35.17966],[129.08137,35.18714],[129.08019,35.1916],[129.08362,35.19218],[129.08462,35.1884],[129.0841,35.18795],[129.08504,35.18712],[129.08729,35.18706],[129.08718,35.18385],[129.09027,35.18376],[129.09174,35.18345],[129.093,35.18269]]]]}},{"type":"Feature","properties":{"code":"2629071000","gu":"남구","dong":"문현4동","lat":35.13293,"lon":129.07066,"rep":0,"prio":153},"geometry":{"type":"MultiPolygon","coordinates":[[[[129.07895,35.13369],[129.07585,35.1299],[129.07283,35.13133],[129.07308,35.13163],[129.07281,35.13204],[129.06968,35.13041],[129.0693,35.1293],[129.06856,35.12788],[129.06771,35.12706],[129.06642,35.12759],[129.0653,35.12962],[129.06609,35.13698],[129.07168,35.13697],[129.07519,35.13526],[129.07753,35.13393],[129.07824,35.13368],[129.07895,35.13369]]]]}},{"type":"Feature","properties":{"code":"2623064000","gu":"부산진구","dong":"부암1동","lat":35.16459,"lon":129.04904,"rep":0,"prio":154},"geometry":{"type":"MultiPolygon","coordinates":[[[[129.05315,35.16659],[129.05363,35.16104],[129.05303,35.16036],[129.05267,35.15958],[129.05255,35.15845],[129.05265,35.15778],[129.05059,35.15701],[129.04941,35.15731],[129.05036,35.15762],[129.05061,35.1579],[129.04995,35.16076],[129.04966,35.16153],[129.04927,35.16204],[129.04865,35.16233],[129.04496,35.1628],[129.04251,35.16614],[129.04384,35.16757],[129.04422,35.16851],[129.04531,35.17002],[129.04654,35.16877],[129.04763,35.16834],[129.05051,35.1685],[129.05165,35.16965],[129.05208,35.16956],[129.05315,35.16659]]]]}},{"type":"Feature","properties":{"code":"2647065000","gu":"연제구","dong":"연산1동","lat":35.18855,"lon":129.08975,"rep":0,"prio":155},"geometry":{"type":"MultiPolygon","coordinates":[[[[129.09543,35.19238],[129.09455,35.1911],[129.09323,35.18784],[129.09326,35.18591],[129.09352,35.18484],[129.09366,35.18328],[129.093,35.18269],[129.09174,35.18345],[129.09027,35.18376],[129.08718,35.18385],[129.08729,35.18706],[129.08504,35.18712],[129.0841,35.18795],[129.08462,35.1884],[129.08362,35.19218],[129.08548,35.19185],[129.08863,35.19178],[129.09073,35.19346],[129.09543,35.19238]]]]}},{"type":"Feature","properties":{"code":"2614056000","gu":"서구","dong":"서대신3동","lat":35.11438,"lon":129.00794,"rep":0,"prio":156},"geometry":{"type":"MultiPolygon","coordinates":[[[[129.0152,35.115],[129.01656,35.11248],[129.01204,35.11135],[129.01138,35.11305],[129.01101,35.11321],[129.0108,35.11308],[129.01067,35.11211],[129.00975,35.11089],[129.00858,35.11082],[129.00741,35.11116],[129.0066,35.11119],[129.00418,35.11089],[129.00371,35.11067],[129.00327,35.11181],[129.00374,35.11271],[129.0038,35.11325],[129.00309,35.11409],[129.00178,35.1143],[129.00116,35.11423],[129.00015,35.11838],[129.00366,35.11778],[129.00628,35.1165],[129.00734,35.11634],[129.00775,35.1164],[129.00774,35.11747],[129.01264,35.1167],[129.01348,35.11589],[129.0142,35.11466],[129.0152,35.115]]]]}},{"type":"Feature","properties":{"code":"2617059000","gu":"동구","dong":"수정4동","lat":35.13031,"lon":129.0338,"rep":0,"prio":157},"geometry":{"type":"MultiPolygon","coordinates":[[[[129.04458,35.12598],[129.04291,35.12613],[129.04079,35.1266],[129.03695,35.12599],[129.03536,35.12605],[129.03391,35.12875],[129.03128,35.12945],[129.02618,35.13132],[129.02512,35.13216],[129.02412,35.13402],[129.02627,35.13512],[129.02702,35.13535],[129.03123,35.13411],[129.03304,35.13313],[129.03399,35.13232],[129.0387,35.1293],[129.04513,35.12784],[129.04538,35.12768],[129.04458,35.12598]]]]}},{"type":"Feature","properties":{"code":"2647072000","gu":"연제구","dong":"연산8동","lat":35.18654,"lon":129.09706,"rep":0,"prio":158},"geometry":{"type":"MultiPolygon","coordinates":[[[[129.09941,35.19175],[129.10121,35.18769],[129.10265,35.18772],[129.10033,35.18416],[129.09937,35.18342],[129.09803,35.18194],[129.09754,35.18116],[129.09721,35.18031],[129.09724,35.17987],[129.09742,35.17952],[129.096,35.18019],[129.093,35.18269],[129.09366,35.18328],[129.09352,35.18484],[129.09326,35.18591],[129.09323,35.18784],[129.09455,35.1911],[129.09543,35.19238],[129.09941,35.19175]]]]}},{"type":"Feature","properties":{"code":"2623052000","gu":"부산진구","dong":"부전2동","lat":35.15465,"lon":129.05727,"rep":0,"prio":159},"geometry":{"type":"MultiPolygon","coordinates":[[[[129.0623,35.15783],[129.06238,35.15061],[129.05701,35.15055],[129.05491,35.15173],[129.05262,35.15385],[129.04985,35.15526],[129.05059,35.15701],[129.05265,35.15778],[129.05669,35.15782],[129.05838,35.15802],[129.0599,35.15844],[129.0623,35.15783]]]]}},{"type":"Feature","properties":{"code":"2635055300","gu":"해운대구","dong":"좌3동","lat":35.17317,"lon":129.16747,"rep":0,"prio":160},"geometry":{"type":"MultiPolygon","coordinates":[[[[129.17092,35.17661],[129.17269,35.17425],[129.17121,35.17346],[129.17171,35.17259],[129.17169,35.17196],[129.17119,35.17079],[129.16964,35.17067],[129.1664,35.16708],[129.16283,35.16668],[129.16431,35.17237],[129.16424,35.17297],[129.16361,35.17374],[129.16444,35.17429],[129.16458,35.17451],[129.1657,35.17744],[129.16637,35.17866],[129.16631,35.17907],[129.16687,35.17951],[129.16805,35.18011],[129.16826,35.18006],[129.17092,35.17661]]]]}},{"type":"Feature","properties":{"code":"2626060000","gu":"동래구","dong":"사직3동","lat":35.19885,"lon":129.07128,"rep":0,"prio":161},"geometry":{"type":"MultiPolygon","coordinates":[[[[129.0783,35.20253],[129.07845,35.20195],[129.08033,35.19927],[129.07791,35.1994],[129.07487,35.19828],[129.07426,35.19806],[129.07296,35.19668],[129.07123,35.19512],[129.06648,35.19416],[129.06454,35.20057],[129.0654,35.20175],[129.06717,35.20094],[129.06864,35.20045],[129.07183,35.20126],[129.07382,35.20202],[129.07641,35.20262],[129.0783,35.20253]]]]}},{"type":"Feature","properties":{"code":"2617060000","gu":"동구","dong":"수정5동","lat":35.13627,"lon":129.04186,"rep":0,"prio":162},"geometry":{"type":"MultiPolygon","coordinates":[[[[129.04699,35.13872],[129.04749,35.13757],[129.04748,35.13712],[129.04618,35.13568],[129.04561,35.13483],[129.04532,35.13411],[129.04525,35.13333],[129.04534,35.13303],[129.04619,35.13215],[129.04461,35.13074],[129.04029,35.1331],[129.03469,35.13728],[129.03739,35.13941],[129.04383,35.14014],[129.04699,35.13872]]]]}},{"type":"Feature","properties":{"code":"2647069000","gu":"연제구","dong":"연산5동","lat":35.18379,"lon":129.078,"rep":0,"prio":163},"geometry":{"type":"MultiPolygon","coordinates":[[[[129.08384,35.18101],[129.07916,35.1814],[129.07833,35.1818],[129.07503,35.17759],[129.07191,35.17959],[129.07238,35.18068],[129.07472,35.18426],[129.08019,35.1916],[129.08137,35.18714],[129.08384,35.18101]]]]}},{"type":"Feature","properties":{"code":"2614061500","gu":"서구","dong":"아미동","lat":35.1006,"lon":129.01311,"rep":0,"prio":164},"geometry":{"type":"MultiPolygon","coordinates":[[[[129.01408,35.10503],[129.0133,35.10371],[129.01304,35.10267],[129.01312,35.10247],[129.01379,35.10221],[129.01671,35.10181],[129.0168,35.10201],[129.01709,35.10211],[129.01985,35.102],[129.01961,35.09874],[129.01841,35.09878],[129.01357,35.09596],[129.01284,35.09541],[129.01173,35.0972],[129.01014,35.09937],[129.00675,35.09909],[129.00743,35.10183],[129.00969,35.10477],[129.01051,35.10559],[129.01146,35.1051],[129.01408,35.10503]]]]}},{"type":"Feature","properties":{"code":"2641057000","gu":"금정구","dong":"부곡1동","lat":35.22432,"lon":129.09585,"rep":0,"prio":165},"geometry":{"type":"MultiPolygon","coordinates":[[[[129.10358,35.22978],[129.10255,35.22638],[129.10076,35.22308],[129.09617,35.22018],[129.09245,35.22196],[129.09168,35.22199],[129.08884,35.22161],[129.0878,35.22222],[129.08916,35.22651],[129.09177,35.22577],[129.09579,35.22547],[129.09691,35.2256],[129.10014,35.22708],[129.10113,35.22838],[129.10171,35.23049],[129.10358,35.22978]]]]}},{"type":"Feature","properties":{"code":"2629056000","gu":"남구","dong":"대연6동","lat":35.13833,"lon":129.08204,"rep":0,"prio":166},"geometry":{"type":"MultiPolygon","coordinates":[[[[129.08798,35.13495],[129.08387,35.13478],[129.08161,35.13453],[129.07895,35.13369],[129.07926,35.1353],[129.07868,35.13657],[129.07813,35.13714],[129.07766,35.13718],[129.07607,35.14084],[129.07755,35.14092],[129.08231,35.14357],[129.08274,35.14125],[129.08621,35.14072],[129.08652,35.14034],[129.08726,35.13882],[129.08729,35.13804],[129.08684,35.13804],[129.08706,35.13577],[129.08798,35.13495]]]]}},{"type":"Feature","properties":{"code":"2650077000","gu":"수영구","dong":"광안2동","lat":35.15448,"lon":129.11553,"rep":0,"prio":167},"geometry":{"type":"MultiPolygon","coordinates":[[[[129.12096,35.15865],[129.11811,35.15497],[129.12033,35.15398],[129.1193,35.15343],[129.11759,35.152],[129.1159,35.14969],[129.11526,35.14852],[129.11514,35.14799],[129.11346,35.14894],[129.11119,35.15058],[129.11273,35.15597],[129.11354,35.15975],[129.12096,35.15865]]]]}},{"type":"Feature","properties":{"code":"2614054000","gu":"서구","dong":"서대신1동","lat":35.10903,"lon":129.0125,"rep":0,"prio":168},"geometry":{"type":"MultiPolygon","coordinates":[[[[129.01656,35.11248],[129.01794,35.10995],[129.02021,35.10763],[129.01652,35.10773],[129.01548,35.1068],[129.01408,35.10503],[129.01146,35.1051],[129.01051,35.10559],[129.01016,35.1061],[129.00628,35.10947],[129.00371,35.11067],[129.00418,35.11089],[129.0066,35.11119],[129.00741,35.11116],[129.00858,35.11082],[129.00975,35.11089],[129.01067,35.11211],[129.0108,35.11308],[129.01101,35.11321],[129.01138,35.11305],[129.01204,35.11135],[129.01656,35.11248]]]]}},{"type":"Feature","properties":{"code":"2629070000","gu":"남구","dong":"문현3동","lat":35.13878,"lon":129.07354,"rep":0,"prio":169},"geometry":{"type":"MultiPolygon","coordinates":[[[[129.07755,35.14092],[129.07649,35.14094],[129.07605,35.14079],[129.07766,35.13718],[129.07813,35.13714],[129.07868,35.13657],[129.07926,35.1353],[129.07895,35.13369],[129.07852,35.13365],[129.07753,35.13393],[129.07519,35.13526],[129.07185,35.13692],[129.06789,35.13692],[129.06705,35.13999],[129.06874,35.1407],[129.07208,35.14239],[129.0756,35.1434],[129.07628,35.14334],[129.07627,35.14316],[129.07755,35.14092]]]]}},{"type":"Feature","properties":{"code":"2620060500","gu":"영도구","dong":"봉래2동","lat":35.09316,"lon":129.05113,"rep":0,"prio":170},"geometry":{"type":"MultiPolygon","coordinates":[[[[129.05349,35.08699],[129.05235,35.08819],[129.04652,35.09259],[129.04629,35.09301],[129.04647,35.0968],[129.047,35.09583],[129.04881,35.09531],[129.04901,35.09572],[129.04805,35.09641],[129.04986,35.09825],[129.05143,35.09859],[129.05143,35.09918],[129.05209,35.09785],[129.0532,35.09476],[129.05507,35.09379],[129.05605,35.09291],[129.05565,35.09116],[129.05539,35.0907],[129.05419,35.08962],[129.05349,35.08699]]]]}},{"type":"Feature","properties":{"code":"2614066000","gu":"서구","dong":"남부민2동","lat":35.08497,"lon":129.02124,"rep":0,"prio":171},"geometry":{"type":"MultiPolygon","coordinates":[[[[129.02605,35.08685],[129.02664,35.0853],[129.02569,35.0812],[129.02452,35.08127],[129.02213,35.08218],[129.01993,35.08219],[129.01832,35.08188],[129.01702,35.08276],[129.01561,35.08394],[129.01559,35.08444],[129.01669,35.0874],[129.02207,35.08928],[129.02202,35.08877],[129.02341,35.08749],[129.02458,35.08677],[129.02605,35.08685]]]]}},{"type":"Feature","properties":{"code":"2635055100","gu":"해운대구","dong":"좌1동","lat":35.17377,"lon":129.17613,"rep":0,"prio":172},"geometry":{"type":"MultiPolygon","coordinates":[[[[129.18184,35.17213],[129.17607,35.16932],[129.17463,35.16822],[129.17406,35.16877],[129.17392,35.16909],[129.17436,35.16991],[129.17327,35.17241],[129.17288,35.17282],[129.17213,35.17288],[129.17121,35.17346],[129.17269,35.17425],[129.17092,35.17661],[129.17304,35.17782],[129.17387,35.17805],[129.1752,35.17789],[129.17809,35.17712],[129.17887,35.17652],[129.18184,35.17213]]]]}},{"type":"Feature","properties":{"code":"2653060000","gu":"사상구","dong":"덕포1동","lat":35.16966,"lon":128.98711,"rep":0,"prio":173},"geometry":{"type":"MultiPolygon","coordinates":[[[[128.99521,35.17185],[128.99515,35.17027],[128.99351,35.16858],[128.99237,35.16795],[128.9898,35.16713],[128.98349,35.1673],[128.98248,35.16758],[128.98038,35.1686],[128.9814,35.17252],[128.98796,35.17194],[128.9897,35.17092],[128.99439,35.17126],[128.99521,35.17185]]]]}},{"type":"Feature","properties":{"code":"2617064500","gu":"동구","dong":"좌천동","lat":35.13418,"lon":129.05061,"rep":0,"prio":174},"geometry":{"type":"MultiPolygon","coordinates":[[[[129.05703,35.136],[129.05641,35.13426],[129.05132,35.13006],[129.04955,35.13076],[129.04698,35.13145],[129.04538,35.13299],[129.04525,35.13333],[129.04532,35.13411],[129.04561,35.13483],[129.04752,35.13725],[129.04749,35.13757],[129.04699,35.13872],[129.04768,35.13862],[129.04871,35.13827],[129.0498,35.13649],[129.05093,35.13662],[129.05178,35.13708],[129.05703,35.136]]]]}},{"type":"Feature","properties":{"code":"2650078000","gu":"수영구","dong":"광안3동","lat":35.16782,"lon":129.11058,"rep":0,"prio":175},"geometry":{"type":"MultiPolygon","coordinates":[[[[129.10924,35.1716],[129.10954,35.17161],[129.10957,35.17115],[129.11436,35.1679],[129.1148,35.16771],[129.11597,35.16762],[129.11885,35.16852],[129.1202,35.16834],[129.11788,35.16745],[129.11876,35.16485],[129.11816,35.1647],[129.11455,35.16522],[129.1126,35.16645],[129.11123,35.16573],[129.11,35.16636],[129.10895,35.16659],[129.10859,35.16579],[129.10827,35.16571],[129.10396,35.16595],[129.1036,35.16683],[129.1052,35.16958],[129.10728,35.17178],[129.10864,35.17155],[129.10924,35.1716]]]]}},{"type":"Feature","properties":{"code":"2623077000","gu":"부산진구","dong":"범천1동","lat":35.14594,"lon":129.06028,"rep":0,"prio":176},"geometry":{"type":"MultiPolygon","coordinates":[[[[129.06333,35.14869],[129.06312,35.14818],[129.0632,35.14356],[129.0635,35.14277],[129.06448,35.14139],[129.05893,35.14149],[129.05727,35.14203],[129.05725,35.14885],[129.05701,35.15055],[129.06238,35.15061],[129.06333,35.14869]]]]}},{"type":"Feature","properties":{"code":"2629069000","gu":"남구","dong":"문현2동","lat":35.14422,"lon":129.06662,"rep":0,"prio":177},"geometry":{"type":"MultiPolygon","coordinates":[[[[129.06705,35.13999],[129.06789,35.13692],[129.06609,35.13698],[129.06448,35.14139],[129.0635,35.14277],[129.0632,35.14356],[129.06312,35.14818],[129.06333,35.14869],[129.06677,35.14778],[129.07134,35.14878],[129.071,35.14767],[129.07083,35.14581],[129.06801,35.14205],[129.06705,35.13999]]]]}},{"type":"Feature","properties":{"code":"2623074000","gu":"부산진구","dong":"개금1동","lat":35.15155,"lon":129.02173,"rep":0,"prio":178},"geometry":{"type":"MultiPolygon","coordinates":[[[[129.02339,35.14744],[129.02072,35.14843],[129.01619,35.14825],[129.01667,35.15281],[129.02551,35.1549],[129.02903,35.15559],[129.02919,35.15541],[129.02759,35.1535],[129.02711,35.15298],[129.02665,35.15292],[129.02331,35.14892],[129.02324,35.14857],[129.02339,35.14744]]]]}},{"type":"Feature","properties":{"code":"2647064000","gu":"연제구","dong":"거제4동","lat":35.18146,"lon":129.06557,"rep":0,"prio":179},"geometry":{"type":"MultiPolygon","coordinates":[[[[129.07063,35.18552],[129.06825,35.17991],[129.06734,35.1769],[129.0638,35.17726],[129.06297,35.17749],[129.06273,35.1787],[129.06203,35.18004],[129.06166,35.18025],[129.0612,35.18389],[129.06918,35.18545],[129.07063,35.18552]]]]}},{"type":"Feature","properties":{"code":"2650067000","gu":"수영구","dong":"남천2동","lat":35.14335,"lon":129.11427,"rep":0,"prio":180},"geometry":{"type":"MultiPolygon","coordinates":[[[[129.11514,35.14799],[129.11511,35.1471],[129.11555,35.14619],[129.11739,35.14611],[129.11777,35.14598],[129.11774,35.13984],[129.11624,35.13947],[129.11561,35.13955],[129.11238,35.1389],[129.11186,35.13899],[129.11165,35.13918],[129.11085,35.14221],[129.11082,35.14291],[129.11116,35.14583],[129.11346,35.14894],[129.11514,35.14799]]]]}},{"type":"Feature","properties":{"code":"2647063000","gu":"연제구","dong":"거제3동","lat":35.18245,"lon":129.07172,"rep":0,"prio":181},"geometry":{"type":"MultiPolygon","coordinates":[[[[129.07722,35.18773],[129.07472,35.18426],[129.07238,35.18068],[129.07191,35.17959],[129.07194,35.17794],[129.07027,35.17583],[129.06778,35.17657],[129.06734,35.1769],[129.06825,35.17991],[129.07063,35.18552],[129.07412,35.18859],[129.0754,35.18844],[129.07722,35.18773]]]]}},{"type":"Feature","properties":{"code":"2614065000","gu":"서구","dong":"남부민1동","lat":35.0902,"lon":129.02093,"rep":0,"prio":182},"geometry":{"type":"MultiPolygon","coordinates":[[[[129.02605,35.08685],[129.02458,35.08677],[129.02341,35.08749],[129.02202,35.08877],[129.02207,35.08928],[129.01669,35.0874],[129.01402,35.08919],[129.01425,35.0907],[129.01589,35.09072],[129.0172,35.0912],[129.018,35.09156],[129.01915,35.0925],[129.02102,35.09325],[129.02106,35.09317],[129.02526,35.0935],[129.02605,35.08685]]]]}},{"type":"Feature","properties":{"code":"2629063000","gu":"남구","dong":"감만2동","lat":35.12142,"lon":129.08456,"rep":0,"prio":183},"geometry":{"type":"MultiPolygon","coordinates":[[[[129.09035,35.12085],[129.08825,35.11856],[129.08334,35.11949],[129.0808,35.11956],[129.08049,35.1192],[129.07989,35.11886],[129.0791,35.11861],[129.07708,35.11973],[129.0776,35.12081],[129.07905,35.12109],[129.08098,35.12186],[129.08175,35.12271],[129.08363,35.12412],[129.08545,35.12524],[129.08733,35.12488],[129.09035,35.12085]]]]}},{"type":"Feature","properties":{"code":"2641059100","gu":"금정구","dong":"부곡4동","lat":35.21918,"lon":129.09101,"rep":0,"prio":184},"geometry":{"type":"MultiPolygon","coordinates":[[[[129.09617,35.22018],[129.09644,35.21981],[129.09641,35.21902],[129.09546,35.21749],[129.09512,35.21761],[129.09407,35.21647],[129.09436,35.21543],[129.09399,35.21496],[129.09369,35.21553],[129.09239,35.2165],[129.08833,35.21768],[129.08789,35.21764],[129.08656,35.21705],[129.08494,35.21792],[129.08726,35.22166],[129.0878,35.22222],[129.08884,35.22161],[129.09168,35.22199],[129.09245,35.22196],[129.09617,35.22018]]]]}},{"type":"Feature","properties":{"code":"2614052000","gu":"서구","dong":"동대신2동","lat":35.11354,"lon":129.02337,"rep":0,"prio":185},"geometry":{"type":"MultiPolygon","coordinates":[[[[129.02613,35.11678],[129.02693,35.11595],[129.02818,35.11567],[129.02847,35.11284],[129.02764,35.11097],[129.02705,35.1105],[129.02644,35.11109],[129.02484,35.11228],[129.02433,35.1124],[129.01795,35.11009],[129.01794,35.10995],[129.01656,35.11248],[129.02101,35.11422],[129.02124,35.11511],[129.02267,35.11699],[129.02613,35.11678]]]]}},{"type":"Feature","properties":{"code":"2611060000","gu":"중구","dong":"영주2동","lat":35.11257,"lon":129.03049,"rep":0,"prio":186},"geometry":{"type":"MultiPolygon","coordinates":[[[[129.02822,35.11734],[129.03265,35.11599],[129.03319,35.1155],[129.03304,35.11438],[129.03368,35.1106],[129.03482,35.10913],[129.03437,35.10882],[129.03261,35.1088],[129.03271,35.10925],[129.02818,35.10822],[129.02705,35.1105],[129.02779,35.11112],[129.02847,35.11284],[129.02818,35.11567],[129.02693,35.11595],[129.02613,35.11678],[129.02782,35.11735],[129.02822,35.11734]]]]}},{"type":"Feature","properties":{"code":"2614063000","gu":"서구","dong":"초장동","lat":35.09483,"lon":129.01749,"rep":0,"prio":187},"geometry":{"type":"MultiPolygon","coordinates":[[[[129.01961,35.09874],[129.02006,35.09872],[129.02075,35.0979],[129.02152,35.09616],[129.02106,35.09317],[129.02102,35.09325],[129.02001,35.09293],[129.01915,35.0925],[129.018,35.09156],[129.01589,35.09072],[129.01425,35.0907],[129.01442,35.09149],[129.0143,35.09319],[129.01384,35.09417],[129.01284,35.09541],[129.01357,35.09596],[129.01841,35.09878],[129.01961,35.09874]]]]}},{"type":"Feature","properties":{"code":"2614059000","gu":"서구","dong":"부민동","lat":35.1047,"lon":129.01791,"rep":0,"prio":188},"geometry":{"type":"MultiPolygon","coordinates":[[[[129.02021,35.10763],[129.02235,35.10752],[129.02123,35.10331],[129.02155,35.10191],[129.01709,35.10211],[129.0168,35.10201],[129.01671,35.10181],[129.01379,35.10221],[129.01312,35.10247],[129.01304,35.10267],[129.0133,35.10371],[129.01408,35.10503],[129.01548,35.1068],[129.01652,35.10773],[129.02021,35.10763]]]]}},{"type":"Feature","properties":{"code":"2611054500","gu":"중구","dong":"보수동","lat":35.10642,"lon":129.02518,"rep":0,"prio":189},"geometry":{"type":"MultiPolygon","coordinates":[[[[129.02705,35.1105],[129.02818,35.10822],[129.02828,35.10406],[129.02789,35.10302],[129.02123,35.10331],[129.02235,35.10752],[129.02293,35.10897],[129.02644,35.11109],[129.02705,35.1105]]]]}},{"type":"Feature","properties":{"code":"2641052000","gu":"금정구","dong":"서2동","lat":35.21283,"lon":129.10457,"rep":0,"prio":190},"geometry":{"type":"MultiPolygon","coordinates":[[[[129.10842,35.21411],[129.11032,35.21098],[129.11004,35.21011],[129.10864,35.21019],[129.10636,35.20959],[129.10507,35.21036],[129.10437,35.21049],[129.10233,35.21135],[129.10252,35.2122],[129.10187,35.21255],[129.09754,35.21408],[129.09966,35.21616],[129.10197,35.21525],[129.10842,35.21411]]]]}},{"type":"Feature","properties":{"code":"2626058000","gu":"동래구","dong":"사직1동","lat":35.19879,"lon":129.06267,"rep":0,"prio":191},"geometry":{"type":"MultiPolygon","coordinates":[[[[129.0654,35.20175],[129.06454,35.20057],[129.06648,35.19416],[129.0642,35.1937],[129.06345,35.19619],[129.06102,35.19572],[129.05905,35.19966],[129.0587,35.20083],[129.05965,35.20195],[129.06248,35.20307],[129.0654,35.20175]]]]}},{"type":"Feature","properties":{"code":"2614064000","gu":"서구","dong":"충무동","lat":35.09743,"lon":129.02282,"rep":0,"prio":192},"geometry":{"type":"MultiPolygon","coordinates":[[[[129.02155,35.10191],[129.0239,35.10036],[129.02423,35.10008],[129.02455,35.09955],[129.02621,35.09568],[129.02526,35.0935],[129.02106,35.09317],[129.02152,35.09616],[129.02075,35.0979],[129.02006,35.09872],[129.01961,35.09874],[129.01985,35.102],[129.02155,35.10191]]]]}},{"type":"Feature","properties":{"code":"2617052000","gu":"동구","dong":"초량2동","lat":35.11793,"lon":129.03555,"rep":0,"prio":193},"geometry":{"type":"MultiPolygon","coordinates":[[[[129.03963,35.11513],[129.03931,35.1148],[129.03751,35.11546],[129.03736,35.11769],[129.03645,35.1185],[129.03265,35.11599],[129.02822,35.11734],[129.02821,35.11745],[129.02841,35.11783],[129.02945,35.11871],[129.02999,35.1189],[129.03606,35.11976],[129.03829,35.12064],[129.0396,35.11985],[129.04127,35.11793],[129.03963,35.11513]]]]}},{"type":"Feature","properties":{"code":"2611053000","gu":"중구","dong":"대청동","lat":35.10527,"lon":129.03107,"rep":0,"prio":194},"geometry":{"type":"MultiPolygon","coordinates":[[[[129.03261,35.1088],[129.03218,35.10854],[129.03281,35.10659],[129.03417,35.10588],[129.03453,35.10545],[129.03445,35.10426],[129.03372,35.10195],[129.03216,35.10196],[129.02953,35.1027],[129.0279,35.10264],[129.02789,35.10302],[129.02828,35.10406],[129.02818,35.10822],[129.03271,35.10925],[129.03261,35.1088]]]]}},{"type":"Feature","properties":{"code":"2641051000","gu":"금정구","dong":"서1동","lat":35.2178,"lon":129.09786,"rep":0,"prio":195},"geometry":{"type":"MultiPolygon","coordinates":[[[[129.09966,35.21616],[129.09754,35.21408],[129.09563,35.21454],[129.09436,35.21543],[129.09407,35.21647],[129.09512,35.21761],[129.09546,35.21749],[129.09598,35.21821],[129.09641,35.21902],[129.09644,35.21981],[129.09617,35.22018],[129.09945,35.2222],[129.10053,35.21921],[129.10145,35.21962],[129.10187,35.21924],[129.10024,35.21715],[129.09966,35.21616]]]]}},{"type":"Feature","properties":{"code":"2620059000","gu":"영도구","dong":"봉래1동","lat":35.09438,"lon":129.04322,"rep":0,"prio":196},"geometry":{"type":"MultiPolygon","coordinates":[[[[129.04647,35.0968],[129.04629,35.09301],[129.04542,35.09153],[129.04404,35.09168],[129.0385,35.09362],[129.0393,35.0951],[129.04057,35.09584],[129.04421,35.09695],[129.04536,35.09719],[129.04647,35.0968]]]]}},{"type":"Feature","properties":{"code":"2617051000","gu":"동구","dong":"초량1동","lat":35.11483,"lon":129.03708,"rep":0,"prio":197},"geometry":{"type":"MultiPolygon","coordinates":[[[[129.03963,35.11513],[129.04108,35.11421],[129.04065,35.11286],[129.04002,35.11142],[129.0382,35.112],[129.03319,35.1155],[129.03265,35.11599],[129.03645,35.1185],[129.03736,35.11769],[129.03751,35.11546],[129.03931,35.1148],[129.03963,35.11513]]]]}},{"type":"Feature","properties":{"code":"2611058000","gu":"중구","dong":"남포동","lat":35.09758,"lon":129.03004,"rep":0,"prio":198},"geometry":{"type":"MultiPolygon","coordinates":[[[[129.03544,35.09828],[129.03677,35.09469],[129.03667,35.09466],[129.03605,35.09636],[129.03528,35.09666],[129.03389,35.09694],[129.02867,35.09637],[129.0264,35.09582],[129.02621,35.09568],[129.02514,35.09807],[129.02783,35.09904],[129.02845,35.09909],[129.0312,35.09905],[129.03428,35.09794],[129.03544,35.09828]]]]}},{"type":"Feature","properties":{"code":"2611056000","gu":"중구","dong":"부평동","lat":35.10122,"lon":129.02521,"rep":0,"prio":199},"geometry":{"type":"MultiPolygon","coordinates":[[[[129.02789,35.10302],[129.02783,35.09904],[129.02514,35.09807],[129.02423,35.10008],[129.02155,35.10191],[129.02123,35.10331],[129.02789,35.10302]]]]}},{"type":"Feature","properties":{"code":"2611057000","gu":"중구","dong":"광복동","lat":35.10039,"lon":129.03107,"rep":0,"prio":200},"geometry":{"type":"MultiPolygon","coordinates":[[[[129.03372,35.10195],[129.03332,35.10168],[129.03319,35.10066],[129.0335,35.09944],[129.03361,35.09928],[129.034,35.09919],[129.03494,35.09974],[129.03535,35.09951],[129.03556,35.09859],[129.03544,35.09828],[129.03428,35.09794],[129.0312,35.09905],[129.02783,35.09904],[129.0279,35.10264],[129.02953,35.1027],[129.03216,35.10196],[129.03372,35.10195]]]]}},{"type":"Feature","properties":{"code":"2614051000","gu":"서구","dong":"동대신1동","lat":35.11001,"lon":129.02205,"rep":0,"prio":201},"geometry":{"type":"MultiPolygon","coordinates":[[[[129.02644,35.11109],[129.02293,35.10897],[129.02235,35.10752],[129.02021,35.10763],[129.01794,35.10995],[129.01795,35.11009],[129.02433,35.1124],[129.02484,35.11228],[129.02644,35.11109]]]]}},{"type":"Feature","properties":{"code":"2617056000","gu":"동구","dong":"수정1동","lat":35.12492,"lon":129.04077,"rep":0,"prio":202},"geometry":{"type":"MultiPolygon","coordinates":[[[[129.04458,35.12598],[129.04274,35.12235],[129.04166,35.12246],[129.04125,35.12293],[129.04124,35.12315],[129.04047,35.12374],[129.03846,35.12463],[129.03829,35.12469],[129.03754,35.12429],[129.03536,35.12605],[129.03695,35.12599],[129.04079,35.1266],[129.04291,35.12613],[129.04458,35.12598]]]]}},{"type":"Feature","properties":{"code":"2611059000","gu":"중구","dong":"영주1동","lat":35.11189,"lon":129.03527,"rep":0,"prio":203},"geometry":{"type":"MultiPolygon","coordinates":[[[[129.0382,35.112],[129.03636,35.10907],[129.03437,35.10882],[129.03482,35.10913],[129.03368,35.1106],[129.03304,35.11438],[129.03319,35.1155],[129.0382,35.112]]]]}},{"type":"Feature","properties":{"code":"2620054000","gu":"영도구","dong":"영선1동","lat":35.08922,"lon":129.04323,"rep":0,"prio":204},"geometry":{"type":"MultiPolygon","coordinates":[[[[129.04542,35.09153],[129.04553,35.08944],[129.04349,35.08639],[129.04037,35.08748],[129.04284,35.09213],[129.04404,35.09168],[129.04542,35.09153]]]]}},{"type":"Feature","properties":{"code":"2611052000","gu":"중구","dong":"동광동","lat":35.10447,"lon":129.0343,"rep":0,"prio":205},"geometry":{"type":"MultiPolygon","coordinates":[[[[129.03556,35.09859],[129.03535,35.09951],[129.03494,35.09974],[129.034,35.09919],[129.03361,35.09928],[129.0335,35.09944],[129.03319,35.10066],[129.03327,35.10147],[129.03332,35.10168],[129.03372,35.10195],[129.03445,35.10426],[129.03453,35.10545],[129.03417,35.10588],[129.03281,35.10659],[129.03218,35.10854],[129.03261,35.1088],[129.03437,35.10882],[129.03636,35.10907],[129.03498,35.10664],[129.03455,35.10412],[129.03468,35.10234],[129.03499,35.10113],[129.03565,35.10013],[129.03628,35.10024],[129.0364,35.09986],[129.03642,35.09942],[129.03556,35.09859]]]]}}]}